contact time -2.75 D,contact time -2 D,keratometry 8h
16676.6326,845.394497705973,-2.473698965729959
115264.1,4276.739348749165,-2.095798811453193
18292.4395,912.6247374525024,-2.4112105212988766
8365.68548,866.5868762793966,-2.601585196517952
28864.1,6021.522858928651,-2.066058301534113
13643.006,782.3716778289656,-2.502419627165949
28864.0,1516.3375121244403,-2.294279420191991
106388.165,2077.792341943502,-2.28720211660562
27521.5153,541.9567925134475,-2.2828235688159566
115264.1,3461.17007211875,-2.0627310652847726
9587.53513,1249.4059413652653,-2.644700717329542
21753.6446,426.7127023369435,-2.3471951087002907
25517.3272,1498.968360868741,-2.4051444564013806
12226.1367,1431.1942881860257,-2.5832143450301004
7210.06725,-246.37482449485515,-2.586299261185509
115264.1,2429.5092179018275,-2.064401536755547
28864.1,55.61839422170851,-2.230313489389836
25517.3272,1004.1062395802755,-2.3573884764656583
27521.5153,828.5853137135668,-2.2761875766824176
18296.6329,1703.6327205060961,-2.55800585988473
28864.0,3072.7489729383587,-2.4136102855056407
25517.3272,1407.4209608756673,-2.3987768579721163
28864.1,1713.3363243897666,-2.1874044765426035
10874.449,472.9996842863193,-2.5442155507936093
111917.327,3459.854520576966,-2.385914939590407
28864.0,2282.47978263008,-2.3782073175749403
9587.53513,857.7816513375196,-2.6530127342735312
23595.7359,105.17476197108817,-2.2769567817426264
16676.6326,887.5266430379806,-2.4833325066946657
13643.006,58.96191935350771,-2.5393619506166374
115264.1,4171.520828290764,-1.9743052506012333
21753.6446,1176.9992181133925,-2.4062089209549242
21753.6446,968.3590233588016,-2.416398425697828
15126.0278,1068.9973014027858,-2.5212783008528845
21753.6446,2165.404447097857,-2.4877306153263348
28864.1,1928.232690437202,-2.1821096204303387
10874.449,1110.4313965201786,-2.5621282140261883
8365.08413,581.1996636787286,-2.5640776703688672
15126.0278,1233.9164037010428,-2.5465355793077364
115264.1,4403.502614851104,-2.092822789362671
106388.165,2549.1526633281237,-2.2699486209812108
109995.736,2091.8087931130676,-2.2239330240430064
198317.327,3691.886715796554,-2.097522147915285
15126.0278,1415.0814131916839,-2.5921173339048877
23595.7359,309.1520180601333,-2.3261471035177763
23595.7359,1027.0647088568458,-2.3756727182819617
15126.0278,1313.7741678413197,-2.550024849986684
109995.736,2973.59360307088,-2.3026431517083523
201664.1,6522.391027974603,-1.9930682030189928
18296.6329,1218.681592385346,-2.467726757452432
28864.1,2210.550842870649,-2.1563432862749394
28864.1,1640.0743167835144,-2.237667035478694
28864.0,1384.0679265061926,-2.3046826987825995
6122.95784,727.6791585170225,-2.6717881606754332
16676.6326,1544.7286649213568,-2.575597981573729
5108.0506,453.8027133252106,-2.620724739479485
25517.3272,1474.9154547691446,-2.3869640137404886
109995.736,2651.0048448478183,-2.326766490920214
12226.1367,1129.7550328056464,-2.5660232622211225
28864.1,417.31911343341835,-2.234620098035016
19988.1649,2151.869716674073,-2.5357518420159266
109995.736,1695.6106465129433,-2.1523205602927717
8365.68548,881.2404313717841,-2.5730208426896226
106388.165,2576.1917359869767,-2.271300406192836
18296.6329,930.4846527316886,-2.441722381892241
4170.85443,-61.35798198614418,-2.62136121499168
115264.1,5312.291523007343,-2.02081228386114
28864.0,485.9623714682739,-2.2774177435709504
201664.1,6937.299930724166,-1.9665273949180175
28864.1,3771.4504039858657,-2.0360759031436473
25517.3272,1654.9510397472404,-2.3936752734036517
21750.1541,877.4914098167037,-2.387889998006081
28864.1,4653.736868789672,-1.9705496746970255
15121.071,273.32928619234303,-2.4445335566577953
9587.53513,1033.8565789240743,-2.5459496036017413
5108.0506,519.4214622032337,-2.645786754721435
8365.68548,926.0758977567655,-2.5582569188404207
12226.1367,1078.8615371197654,-2.5719999501171955
115264.1,2496.1386548652918,-2.0903090313314223
28864.22,4437.830788487603,-2.0171403565792048
13643.006,701.6630503871195,-2.517204944792745
13643.006,429.85728072276106,-2.4451655944891613
9587.53513,1023.9391716041504,-2.545863505303984
28864.1,4814.043285758317,-2.126416914267452
28864.1,918.9847389907391,-2.167704843605918
28864.1,4374.868500092223,-2.2782108084319432
115264.0,3143.995824703209,-2.1647052682958403
15126.0278,1193.4014541807721,-2.5166454639085885
28864.1,1180.5637361409363,-2.1388600544408547
28864.1,1317.1754303185162,-2.1129460860435216
7210.06725,920.1910269268978,-2.6571918308231517
108153.645,1851.6434060469974,-2.198155547335112
115264.1,6582.7848106320525,-1.9535784221914199
18296.6329,1389.900957798907,-2.4735846048433316
13643.006,876.6985259527148,-2.5346909615525703
9587.53513,170.14187479965108,-2.579214458654164
9587.53513,1171.8473754317633,-2.643383147425098
115264.1,4234.184588856026,-2.159292632568004
13643.006,954.3127796718536,-2.560074338809372
15126.0278,123.46056836196226,-2.400815803259256
27521.5153,1362.3481786563507,-2.3583049245463314
18296.6329,809.2451581324553,-2.426442992399963
8365.68548,-396.9652463811133,-2.562395707620901
4170.85443,54.40886405260642,-2.6691925563651537
6122.95784,-885.3017717031607,-2.6273048510500985
13643.006,129.68276745857338,-2.4771072630366433
6121.382,596.6690825348488,-2.5849401089478548
5108.0506,512.9899966755061,-2.595084978740168
21753.6446,924.7204338904949,-2.431580522378482
19977.5092,1265.3490973525945,-2.498110176167806
7210.06725,608.9206112250063,-2.5966575169246155
9587.53513,1048.542584288954,-2.5481771903016366
28864.1,3219.7344674444375,-2.0664561269450417
15126.0278,1250.7820803730392,-2.5065319858215105
28864.1,1081.4529166197835,-2.2767283709669357
108153.645,2502.641533957586,-2.2659183967355148
15126.0278,1043.5394392636683,-2.499758598638735
115264.1,4287.603309705208,-2.0462269956430177
21753.6446,1339.2951562094122,-2.4429628299160058
8365.68548,202.92235260747907,-2.636830620766702
115264.1,2721.8635874202882,-2.026648789791757
13643.006,52.472720491534346,-2.5206783988756527
28864.0,487.6501843571791,-2.2178814295417695
13643.006,589.4919611669136,-2.493596596372889
15126.0278,1413.8132724660586,-2.489422217683831
10874.449,466.743875075231,-2.4807027724651576
113921.515,1977.151737104412,-2.115988206824497
6122.95784,443.3963795818206,-2.5820660824814325
23595.7359,562.3275774452259,-2.325793834235448
12226.1367,325.55796043768146,-2.578784739848629
21753.6446,814.3590589618423,-2.3294940911698774
25517.3272,358.4929724314734,-2.2798965096869352
13640.2762,799.0732010319553,-2.5490490381287074
25517.3272,2604.9488639807505,-2.441910793824043
23595.7359,365.7476861792211,-2.290721793602053
4170.85443,-65.04772424781504,-2.62517417851393
113921.515,3103.845112778089,-2.1626017620810956
19988.1649,1519.9881924685685,-2.45134401469398
115264.1,3066.3846615802613,-2.0619720607300493
115264.22,8846.543084155923,-1.8816515119097872
109995.736,2888.3446975564957,-2.1917886535300966
9587.53513,631.5958666899274,-2.619973785570039
28864.1,3744.0527915512375,-2.036847373867303
25517.3272,640.0740741387926,-2.336401413553425
7210.06725,790.7177205839357,-2.6460991416360997
13642.2008,980.9620590213101,-2.5359776604518203
28864.1,2211.721138365633,-2.2327903428488796
8365.68548,864.2915328613902,-2.53136123819926
5108.0506,433.7468058321304,-2.6018396953086835
18296.6329,1877.0272086946745,-2.511864911388713
,6980.74935650737,-2.1738714923232507
28864.1,2250.365729563273,-2.2873585496054147
13643.006,812.1870966237072,-2.5406752943696205
115264.1,3307.0233576736628,-2.1302802059085764
106388.165,2077.121949550962,-2.242305823287097
9587.53513,458.0196435519856,-2.6042667640734294
19988.1649,526.1402975861188,-2.3892191083361354
16676.6326,1580.0994892560964,-2.524124364211822
111917.327,2929.5013108440244,-2.18774964765462
16673.5991,759.8686862375766,-2.473346318695498
109995.736,2728.2188160231235,-2.23707479984472
18296.6329,960.8929078519827,-2.4605016924918672
27521.5153,702.8699595346366,-2.256449817087379
7210.06725,-494.6140649369845,-2.573907429714666
9587.53513,868.2563424939497,-2.6097163778946424
115264.1,5948.3818132779725,-1.9673630802488944
28864.1,1240.0155156867072,-2.2802769721272327
115264.22,5902.072970252722,-1.882876362257477
8365.68548,677.4984872398645,-2.544544009650366
28864.1,2489.91082383506,-2.1243342748642817
115264.1,4720.633154278652,-1.9295791603604755
18296.6329,-1074.351222363689,-2.3694719143203002
18296.6329,843.9997281438928,-2.40204286652191
10874.449,986.1979184332137,-2.537727785420465
9587.53513,723.8184831171553,-2.5643976348643704
16676.6326,1390.9143092088154,-2.496419819104041
12226.1367,791.2740248317082,-2.5736490924604
201664.1,28863.524887896736,-1.7860693315282958
7210.06725,738.225289902505,-2.6081436585514126
19988.1649,1426.434410045338,-2.4347275250676432
9587.53513,1227.333494919365,-2.6210782368537693
7210.06725,-149.30589141274982,-2.566576201445173
115264.1,3108.2244104285664,-2.1218484227845593
19988.1649,1047.0613624661069,-2.4104652930071637
9587.53513,1307.9934197806886,-2.647607608353269
115264.1,2770.4003230500157,-2.021171392095404
201664.1,4709.603502607977,-2.060026584375592
115264.22,28863.92385363165,-1.7907767291336327
19988.1649,482.1060898417154,-2.347350482911267
115264.1,3249.744827743846,-2.003580644414207
23595.7359,1321.0546313517962,-2.3936601382267355
115264.1,2534.619931073923,-2.0277532644316736
7210.06725,680.4460954175954,-2.6673162917764017
16676.6326,1179.8951907592086,-2.537592811967002
15126.0278,762.0881954283675,-2.5167299968449086
28864.0,927.6998713239886,-2.2779523608167622
6122.95784,484.7860918412496,-2.646590489304458
12226.1367,782.3363952533534,-2.505118880796182
101526.028,1629.1405254166375,-2.3028571951935675
27521.5153,533.3392133030466,-2.28399613706236
15126.0278,969.2936203201125,-2.4722519291843383
27521.5153,1325.7528171487916,-2.2950104160436453
111917.327,2221.4679746984793,-2.1880076790523546
16676.6326,932.3498999568719,-2.511303278787686
10874.449,211.58636199507225,-2.49808543605036
12226.1367,682.623008386108,-2.512307369097101
27521.5153,458.85060007419133,-2.274757681033904
106388.165,2868.7853872820633,-2.3361438014193183
16676.6326,805.8007889576718,-2.4155868811358303
19988.1649,1539.3414399648818,-2.468554934694879
28864.1,169.97205063820093,-2.215176412167885
28864.22,3985.3499250478853,-1.9770476947517963
28864.1,804.999887552096,-2.18344201013398
25517.3272,2360.2766179628547,-2.432265919041427
21753.6446,760.8451672518436,-2.415979231581602
15126.0278,1413.1946639872226,-2.5434193215777086
19988.1649,495.75464115784007,-2.359797538940235
28864.1,1750.538309257854,-2.095272245696137
106388.165,2785.089396517048,-2.240715937641987
15126.0278,-601.7925278447751,-2.4579804300406565
8365.68548,-187.72218374142335,-2.5665488146683515
115264.1,4622.254430955565,-2.0079103518840142
10874.449,642.0084269395509,-2.5330248416600156
115264.1,3828.0453481457134,-2.0980856366798477
27521.5153,1293.8794207087335,-2.312773065722176
8365.68548,669.090270741939,-2.5844723256766358
10874.449,336.57931611915365,-2.5491667638517583
109995.736,3355.875036143815,-2.3775254767193914
19988.1649,1487.3891090135119,-2.4657376737968733
18296.6329,655.3669513863265,-2.388862469159399
12226.1367,242.50687730686525,-2.477175848380078
28864.1,1260.9324780772376,-2.2386705478277023
16676.6326,1107.1500351245777,-2.5176927795600434
8365.68548,26.385034828556172,-2.6400898723166364
104696.633,1497.2911195958613,-2.237264870711499
16676.6326,1032.9108079708403,-2.5148513875267042
12226.1367,523.0126744893994,-2.521786557456579
28864.1,2792.791068207178,-2.3081945308515373
28864.1,1041.446361895581,-2.240620553265501
115264.22,5703.85558668902,-1.8762562001228034
15126.0278,659.1721813169479,-2.6060710517509307
13643.006,-139.13240545397002,-2.4601864096252584
115264.1,2852.7481902257186,-2.1246871409277617
25517.3272,1048.0258851356525,-2.3253839543573633
28864.1,158.2001300881966,-2.230932021766634
7210.06725,-98.30752690170061,-2.53395917010247
115264.1,5255.557369650805,-1.9611012602710858
9587.53513,827.0166874481667,-2.6255513565458415
109995.736,1831.0141150517065,-2.1522512918646157
13643.006,962.4710013555678,-2.561755169502945
28864.1,918.6689839973878,-2.168481051703843
115264.1,3157.328939378177,-2.1223401784743956
18296.6329,2131.8181885094605,-2.579606612495624
115264.22,28863.93365084984,-1.8353392916185527
6122.95784,447.68608515646287,-2.591304680206278
115264.1,5807.48739379891,-2.1205358108131733
28864.1,1000.9071533980232,-2.2240481273518427
25517.3272,693.1910166556886,-2.296879754254469
111917.327,2775.8963147163377,-2.202211032954942
23595.7359,736.3428572680896,-2.3661928433638337
8365.68548,736.0971965021581,-2.576682679025261
28864.1,694.2232774458698,-2.143110026484905
8365.68548,687.2753212304432,-2.5895563830295742
111917.327,3356.6996100658134,-2.289310634636422
15126.0278,132.0106762216817,-2.4329922212972974
28864.1,962.7346296482856,-2.2828381295912763
23595.7359,2950.763374543529,-2.485904715719883
10874.449,1003.0553228885813,-2.578477640121129
10874.449,517.0060700239301,-2.587288044096077
108153.645,1002.7274820857001,-2.1795814048423523
28864.1,945.319885164753,-2.211779432628262
19988.1649,378.4862348349743,-2.3627495960475215
27520.3416,671.4421869621183,-2.2824655565996537
15126.0278,-461.34967225577793,-2.474533374726498
201664.1,28861.574327963208,-1.781571732982286
8365.68548,696.8478654232135,-2.5741078433229205
15126.0278,1201.6322725287664,-2.509694338802177
19988.1649,951.1046520204072,-2.4439062148962307
21753.6446,1511.0655435130402,-2.4765749767438976
9587.53513,837.0241361011769,-2.584932911531098
21753.6446,1573.6612278153698,-2.4655793440455938
28864.1,4780.720297442096,-2.104336039525947
104696.633,1648.7385058864538,-2.279654298893959
115264.1,4315.85348486684,-2.0370162848226627
18296.6329,231.2286698543794,-2.3679763855779825
19988.1649,1325.4064860221285,-2.436468544672259
101526.028,1615.6104577120027,-2.299669952409012
,5028.574289168226,-2.2932558585641303
28864.1,1114.4732197937783,-2.191310617645456
28864.0,770.3826646566913,-2.2407605415356855
16676.6326,899.9734902445457,-2.4616679605551397
18296.6329,1321.3444969934353,-2.5094272621788747
23595.7359,908.5302331082389,-2.3790232325918907
7210.06725,959.3427081942506,-2.6700794724442005
9587.53513,-58.801185140356665,-2.59094106930786
21753.6446,1347.595088559192,-2.399723013914489
115264.1,5439.186449253995,-1.956613216390629
6122.95784,753.5153968149139,-2.6745809878529556
25517.3272,1013.8936828119558,-2.330807821308305
19988.1649,1027.4308958667216,-2.4359137237543607
115264.1,3911.1523427633747,-2.1636564560177547
15126.0278,1244.22546774368,-2.491313702355569
15126.0278,1084.404850983346,-2.5576329902446346
7210.06725,845.9716779763945,-2.6788083361216266
25517.3272,940.3072281262712,-2.3591050746559716
13643.006,-339.4378185570572,-2.5032612364203928
10874.449,1126.791529104581,-2.5803916010833703
10874.449,388.90216792881824,-2.4959025517692055
9587.53513,1121.816717675867,-2.59622063084889
28864.1,1043.2024974961278,-2.1408662431559122
6122.95784,793.2761282526687,-2.6319978501236747
9587.53513,869.8867315300591,-2.602075836286744
19988.1649,1039.3694248294455,-2.404987439299795
12226.1367,430.28785857596836,-2.5187304551964615
115264.1,6907.150524203096,-1.866571120161666
10874.449,647.2447967721114,-2.5284063139004047
25517.3272,1618.3146804168487,-2.4245914030907656
12226.1367,418.17572059275244,-2.5218205302925156
23595.7359,1476.841193607056,-2.4435556129296714
9587.53513,912.8260105656072,-2.540023121802129
28864.1,4961.823784048807,-2.0875462891613097
12226.1367,743.5422963614511,-2.5272529453291597
115264.1,3924.7361712452766,-2.1476297186620883
18296.6329,825.895117016303,-2.407745033038509
18296.6329,1219.7561180907696,-2.485480806675085
9587.53513,708.6175077508383,-2.5695970196627442
28864.3798,4871.465817191251,-1.9551763734779115
115264.1,5071.626330078383,-2.037286313452654
28864.1,1062.8687761928586,-2.162022441065865
25517.3272,1415.0751142383428,-2.370698206443855
115264.1,5693.578381763535,-1.9365116300206466
28864.1,1085.0590032483387,-2.2321588518468687
28864.1,2089.459950131306,-2.254327620576099
18296.6329,1608.8943066731586,-2.5182511254018323
13643.006,914.092227567028,-2.4717493767416343
28864.22,1587.7807224767075,-2.1949743526000915
13643.006,215.7119700281096,-2.5242790747210364
16676.6326,1466.1936486547372,-2.545508633882747
23595.7359,420.11706271825733,-2.336281213979561
28864.1,1894.1769166786098,-2.180216854065513
16676.6326,-1041.1550305659334,-2.400424934696993
9587.53513,505.9612045681607,-2.5751814276351723
12226.1367,881.3083151948535,-2.5346421088958024
28864.1,494.56274658271013,-2.2130024973405185
28864.1,2082.4884341091483,-2.1984059080627247
115264.1,4199.596027466955,-2.1060559625689805
8365.68548,1242.6018192176734,-2.624955675906179
7210.06725,-508.53002514212835,-2.607316934028894
115264.0,2719.4988839588405,-2.11405118232868
18296.6329,1382.9450728993202,-2.538402773805686
6122.95784,-75.42697948518548,-2.646883461130436
21753.6446,1035.6248062535901,-2.362180503439184
18296.6329,1391.997265260679,-2.4866284585151774
115264.1,3051.0579184896096,-2.123865263405605
25517.3272,1029.780513309383,-2.304605626860578
113921.515,3178.8750675143765,-2.213956705109922
13643.006,1151.7296856105943,-2.572279509743481
12226.1367,479.0428039744902,-2.545449934495153
15126.0278,953.8755162289249,-2.5231532465076754
12226.1367,1516.4473438917714,-2.5769338997583873
7210.06725,741.8073307359491,-2.645893811929213
115264.0,3760.6516501813394,-2.2613716556465633
104696.633,345.9195399864566,-2.1989348966716875
10874.449,771.9748919931382,-2.5226747487386305
10872.0413,693.7832319846254,-2.4956867846509496
5108.0506,485.9369507467338,-2.6294637595887806
108153.645,3098.6443547912286,-2.3244685624257215
7210.06725,-34.97459947597554,-2.653377630810624
7210.06725,727.6821527866891,-2.6309311164377647
10874.449,-1896.410375107208,-2.582764314522052
10874.449,724.3748914765428,-2.522737842833571
201664.1,28863.906114488385,-1.719687191495673
13643.006,1359.0341430679987,-2.5561214503004805
201664.1,7278.510127026715,-1.9951357049036176
7210.06725,-35.28146033645771,-2.5906961889291935
201664.1,28862.807844070023,-1.7713075350740581
8365.68548,-21.274545628879878,-2.636337925272457
5108.0506,471.4266900136837,-2.6814032803666805
10874.449,1012.6213968059496,-2.5932007486787825
18296.6329,938.7360348574146,-2.3967880862558033
16676.6326,1256.6409566198374,-2.5136208317607682
115264.0,2969.9738398460595,-2.146706933689444
115264.1,4534.2730559552765,-2.1824927182454275
25513.516,1781.4901976545534,-2.399050763623066
115264.1,3725.2343848985875,-2.091143016368875
201664.1,5331.463900275845,-2.0465279299554098
28864.1,2528.650240162876,-2.226921991610027
25517.3272,586.3486940899911,-2.330652851395058
18296.6329,1248.773726358902,-2.4948515121946855
12226.1367,1101.9195781494054,-2.6108672351831146
9587.53513,872.4329168485118,-2.536519409168811
25517.3272,1041.1641034698105,-2.352259649193236
18296.6329,389.2964869870707,-2.4175569138776467
115264.1,1829.2149406875888,-2.0587836695858073
15126.0278,867.4133017274398,-2.5000730524817243
12226.1367,805.1184519604951,-2.564182544629965
106383.797,1740.0557717955453,-2.253313332091217
8365.68548,811.5006867200636,-2.600560702533521
115264.1,3646.6857193266387,-2.0898537590274984
28864.0,2445.866548611856,-2.355232339819352
28864.1,2198.364911706415,-2.2268283949601226
7210.06725,989.5310550140032,-2.6503621742417565
6122.95784,760.107742310293,-2.6340522107855264
9587.53513,842.9641284912128,-2.5508082587521983
28864.1,525.6810623559686,-2.2071789103467623
16676.6326,823.3672818269526,-2.4713954545681744
28864.1,280.27449800461545,-2.161538905879816
23595.7359,2057.258046630913,-2.4596900600241227
115264.1,3932.802492538777,-2.05952922439527
21753.6446,2204.826704700647,-2.505594020686459
13642.2008,1278.78326615908,-2.5491580656860364
5108.0506,675.4700257194406,-2.645751193479107
8365.68548,326.0977146756409,-2.567949495713094
115264.1,4399.777858523578,-2.072725867331201
16676.6326,857.7250329813533,-2.4848878673050976
7210.06725,-706.480196144737,-2.5719564481818367
12226.1367,777.896542268193,-2.470283076854898
28864.1,2726.2453388343047,-2.2742844786110865
21753.6446,1079.1167657394813,-2.453722264595619
7210.06725,-35.53377461435889,-2.664507170769795
16676.6326,1218.7979969354244,-2.476994092341627
23576.5653,23.099551469650123,-2.2717370230832614
12226.1367,540.358731691085,-2.502405604121961
12226.1367,860.8022214744541,-2.491921821674566
21753.6446,618.0295460164107,-2.346259490617271
25517.3272,942.0017399699527,-2.2909135782188272
28864.1,1016.0306036722386,-2.1797025981961013
201664.1,7520.905069265891,-1.9037759955045885
19988.1649,708.8707156412329,-2.4379698689132425
115264.1,3015.364006359884,-2.0578194362490123
28864.1,3540.109811244727,-2.011718845798832
113921.515,1630.415310229194,-2.0950143267897303
12223.5641,568.9038860691921,-2.487770429264131
28864.22,682.7879323064908,-2.226218171372331
12226.1367,754.9682589424683,-2.5114821281271276
19988.1649,514.8765452946573,-2.4164878248807753
113921.515,3667.556839528038,-2.2510568330138625
25517.3272,648.7824279708502,-2.2637358784225725
8365.68548,887.7346541314764,-2.6619160838320326
28864.1,1650.4098161373659,-2.1256288485756585
19988.1649,553.5863040044242,-2.3700985888009
111917.327,1941.5656469200312,-2.1179008736285496
113921.515,2398.6946332664884,-2.1406682955018113
8365.68548,627.4283944007384,-2.587607955926984
19988.1649,1397.1311597286647,-2.487041839111498
13643.006,1127.6603570494992,-2.5853630201736664
21753.6446,681.4448882170796,-2.359407506876046
25517.3272,1007.9009246353207,-2.357646371629208
18296.6329,1048.7052957709818,-2.426047781835706
5108.0506,626.8189284471894,-2.6871676836706797
15126.0278,1202.491961059818,-2.566084434626198
19988.1649,572.9314635159717,-2.4180977349020836
25517.3272,2237.2132321869717,-2.3798558890763886
15126.0278,1044.553726040152,-2.4672984184449263
18296.6329,-1236.8770893740598,-2.349384799659653
10874.449,-162.70000484205252,-2.4868846302970695
10874.449,769.1333207552393,-2.619554612826107
27521.5153,1676.127644985314,-2.370408610483935
115264.1,4558.587116559166,-2.1946889520443236
18296.6329,1397.5788355909042,-2.474954894937383
13643.006,246.22721448365814,-2.5017949164421154
7210.06725,710.0544303677697,-2.544398987363799
6122.95784,804.0240461121143,-2.6651017277323277
16676.6326,1134.9367960718491,-2.5317185794336083
28864.1,1452.5861573306247,-2.1768009359581484
12226.1367,800.0723679776568,-2.4665467224346784
115264.1,3991.573111237589,-2.1546011596420342
109995.736,2649.530492207188,-2.2407144443484768
13643.006,1474.3187956671586,-2.584463739353602
7210.06725,534.4866302409225,-2.584419625744225
111917.327,2913.892309030839,-2.2212441256615634
12226.1367,1339.5062858930094,-2.59627055085371
201664.1,7646.204412647883,-1.8114561676157592
25517.3272,2497.2155514781352,-2.454550827824562
25517.3272,2243.9843120071423,-2.4186044855767292
27521.5153,1179.1230746756282,-2.314865079748195
13643.006,556.3197193509536,-2.4936122510144116
15126.0278,1071.2180436934686,-2.509432030012114
28864.1,1531.2014356395239,-2.206336876981169
15126.0278,1161.222571066302,-2.5791111171438956
28864.1,1114.4741568833133,-2.240023390420397
115264.1,28863.922943905567,-1.7693198025457093
28864.1,2939.5697557098747,-2.1422083970171357
12226.1367,-48.12655043602945,-2.514360453163249
18296.6329,1346.699931996354,-2.4872330025013127
25517.3272,1948.3025032669311,-2.4150706381060374
23595.7359,1278.6137413197562,-2.395860860987213
13643.006,1530.9426217723758,-2.55642454448072
115264.1,3196.338880454333,-2.1268218482083867
23595.7359,709.8400187176817,-2.328073641630553
27521.5153,884.9046465778629,-2.3082595135944075
18296.6329,997.8465917453759,-2.478064124937056
8365.68548,736.3791598827062,-2.535804109069659
6122.95784,624.7436499580323,-2.589530570700134
115264.0,3404.0612309160733,-2.1720588907600202
28864.1,2473.2772394295534,-2.2130977237535845
25517.3272,1168.0815962152542,-2.390245757734384
27521.5153,1859.6072305259468,-2.3518447469651704
8365.68548,142.03327165068345,-2.6227614653774722
115264.1,3170.3361762779496,-2.118963676664926
108153.645,3111.608712943146,-2.2585480037948287
27515.5251,555.0707624877541,-2.309624982614139
28864.0,681.6250459715711,-2.2533647873822176
21753.6446,984.0980684980268,-2.39908665153218
115264.1,3025.2495595563432,-2.090111124095543
19988.1649,1185.564367899813,-2.419640818053068
9587.53513,1097.145911304506,-2.6553005991036116
115264.0,3187.2775298839597,-2.1149815308805913
18296.6329,554.2661160838877,-2.3810142984092053
113921.515,1281.5215526229995,-2.0811432522486584
25517.3272,796.0750067299587,-2.28914463764265
21753.6446,602.2784595196085,-2.3966672771268307
28864.1,1474.1170673195747,-2.2045159299596406
12226.1367,916.3270542602936,-2.560024975653242
115264.1,2824.0192799164934,-2.060684930734652
9587.53513,1027.3814974923607,-2.536049595352388
10874.449,573.0418975374014,-2.508195340468127
10874.449,1057.7588326664593,-2.649513448379494
201664.1,6771.282620705968,-1.8889138513517665
115264.1,4992.65117423465,-2.0297448374995213
28864.0,1353.9896577420536,-2.2657599880354553
109995.736,1674.2799442717496,-2.115132496175093
25578.3357,2162.939073436491,-2.4056338863389826
27521.5153,853.2600430275475,-2.279508972882347
21753.6446,809.1758587351619,-2.4175843818448755
10874.449,1044.9189852041904,-2.628887261036134
18296.6329,862.9935860906512,-2.3991406577077186
16676.6326,1740.5379838384595,-2.5350668324095054
13643.006,216.56011192997266,-2.52224318856544
,9791.681438576681,-1.8125429543803904
201664.1,7152.217638161892,-1.8442207468172214
19988.1649,1000.4268368061166,-2.4194242694188546
201664.1,7451.362269806861,-1.9585856787570606
201664.0,4988.679102757142,-2.1628642614646125
111917.327,3569.19731977382,-2.32577840322606
8365.68548,874.9395040187138,-2.5892704952000187
108153.645,2331.0729048591265,-2.2196313837336703
9587.53513,895.9287377459898,-2.5252452871406916
115264.1,5058.508244209652,-1.9716404411578523
7210.06725,729.3259404039968,-2.6760177818913817
10874.449,959.90288687769,-2.618931963462906
8365.68548,781.4587004163507,-2.6189718923068597
15126.0278,1224.6496457132855,-2.527981324051808
28864.22,4772.708006959168,-2.008536540366592
13643.006,1077.6947734711246,-2.561743954274384
10874.449,975.6341548134567,-2.5946199136837933
28864.0,2988.06556696441,-2.429624166230383
28864.1,2626.4216543928333,-2.334557275730063
12226.1367,890.3009310681734,-2.5199395372098934
115264.0,3185.514126223158,-2.1672729902152312
106388.165,3554.7267418646175,-2.387859225656719
23595.7359,2183.6953844451423,-2.399819775846943
28864.1,908.5796955294545,-2.1953617024002483
27521.5153,3327.8159331242477,-2.57347584420625
13643.006,1595.6364283829128,-2.57741400229704
13643.006,1324.4921909612465,-2.5687870366482315
27521.5153,1219.4593288198134,-2.343093928072342
19988.1649,2238.6659057401744,-2.517965087267619
13643.006,1096.6664171223276,-2.547902545443634
104695.694,1521.7195253668751,-2.2344653552719436
103076.633,2078.2179543355073,-2.326696898858714
16676.6326,339.9063053273235,-2.4449540057429786
,4386.06065520442,-2.1728497797736566
115264.1,4865.758153986244,-2.2008928953813793
115264.1,3964.5485736251485,-2.1157150198199304
104696.633,2531.8122231957964,-2.284780730305876
111917.327,2434.1065623024115,-2.147425948877661
115264.1,5826.35914449892,-1.9802038438367973
10874.449,730.5442529086238,-2.512827926451777
115264.1,8640.771524887768,-1.8761643126709302
103076.633,2017.864413868926,-2.3185772702127565
15126.0278,1265.0644398443665,-2.485378597045816
25517.3272,1621.0813431323631,-2.409051962948034
106388.165,2466.5278122099935,-2.2855570848697795
18296.6329,1483.339885838517,-2.4344762290147344
12226.1367,887.6793250483844,-2.5559076260667055
15126.0278,555.9049451416329,-2.474554340216727
8365.68548,360.2894334401983,-2.626798445308701
108153.645,1185.2082199623674,-2.141627134852854
115264.1,4254.795507945588,-2.060330999321323
16676.6326,1007.054401985693,-2.5066175434774465
23595.7359,1151.1754310217607,-2.376861007961125
19988.1649,993.5175756665717,-2.4656106262604354
200365.837,3577.7213371594553,-2.0275405701679574
12226.1367,1156.8249313922136,-2.58768808819692
6122.95784,672.9209608326471,-2.664358924727523
27521.5153,2332.8530299288273,-2.4080569246731116
19988.1649,254.00880674185373,-2.370967381931308
9587.53513,1167.3056928997362,-2.6152032187082455
101526.028,1493.7333702918936,-2.2474840829215736
28864.1,4993.718211730362,-2.0253321457556623
12226.1367,1121.9486521968831,-2.5928922115410558
8365.68548,-83.16678706373114,-2.617331089302617
19988.1649,1552.3973009065799,-2.4923148446249
103076.633,1927.6346385922861,-2.310240678943572
18296.6329,1292.3357467435824,-2.4186567758928987
12226.1367,1085.2769982651462,-2.557935224361188
25517.3272,1390.2780264745838,-2.340779184789149
15126.0278,1342.1600116315599,-2.5551146851512456
28864.1,2042.7568256280383,-2.214916955050768
15126.0278,553.6686618045426,-2.4664691728334986
9587.53513,298.4950310972181,-2.513532626644576
13643.006,786.9750477832447,-2.5402487108113334
18296.6329,741.2076794926984,-2.3998264507585674
115264.1,6232.024731893456,-1.9360098973708944
21753.6446,1229.2759709093593,-2.431644479042639
21753.6446,1901.5485060711112,-2.4264728889546205
25517.3272,553.7804376225367,-2.2459447809664965
,6664.726181381597,-2.113987173208507
201664.1,9700.569033499793,-1.8180290105777246
16676.6326,-935.1972377327302,-2.3966666485646826
13640.2762,502.11169114585437,-2.481246090461312
19988.1649,280.1712471799133,-2.3729467054840185
19988.1649,1084.0624168726213,-2.444278039946269
13643.006,1225.9402116660679,-2.562978526677213
13643.006,1052.9714908074645,-2.5028928019629006
115264.1,5290.186298867373,-2.099968222097985
12226.1367,-136.92966300336366,-2.4661292678091016
28864.1,1755.557828053143,-2.2957652699879887
8365.68548,1.8389421660251628,-2.6231931834494873
28864.0952,2412.9118265526704,-2.0849725803118275
16676.6326,1991.2034637408783,-2.541923645711641
21753.6446,832.4732477433727,-2.330861669757141
115264.1,5477.101853041317,-1.9681317332325037
5106.76424,479.83468825750845,-2.6394431376037844
19988.1649,1263.7351006619074,-2.4143912609151457
104696.633,1932.335791522325,-2.266911771001155
201664.1,8705.195149984382,-1.9455522253350495
28864.1,1007.954027556153,-2.2689387588203473
23595.7359,1275.5235198647106,-2.3788911014659675
28864.1,1384.0452880265316,-2.2490966752812653
13643.006,796.2481641930337,-2.49075983633427
28864.1,2947.9063700323204,-2.0573974010815803
108153.645,2120.1949446667713,-2.183234840632508
15126.0278,1157.1152616544753,-2.5355420934369377
23595.7359,523.5435516581883,-2.340156244936985
7210.06725,700.9343289171594,-2.590263354317443
109995.736,2762.7232852658317,-2.2197327425445934
18296.6329,390.96821912858877,-2.3904118025813617
8365.68548,-163.75844843209734,-2.6216753947415796
115264.1,3195.4037352352434,-2.075629158635472
16676.6326,1187.4913348445762,-2.5140988423777557
201664.1,10195.268174479717,-1.8531713106897456
113921.515,1747.605939930224,-2.1020687998102403
10874.449,324.9594391243279,-2.6262516527309003
13643.006,959.0345335828861,-2.5590016057546237
10874.449,835.6926377171828,-2.5436834677734623
28864.0,1591.9113415235574,-2.3360001871087377
16670.5657,868.7564917178133,-2.431289475350816
12226.1367,1356.2496901163315,-2.6201895691153467
15126.0278,862.4931912361337,-2.48777765311754
111917.327,1992.7819296350135,-2.1320312371684764
23592.0872,2023.5958655363133,-2.403948236689139
16676.6326,615.3522177593945,-2.457465116929896
23595.7359,1281.335372361429,-2.403478470725382
27521.5153,1879.5370242859226,-2.3889357113719925
101526.028,1528.1006862027507,-2.263252306704949
16675.7378,278.57802504172605,-2.3873368901643914
108153.645,2776.6344347918557,-2.266640603484319
21753.6446,1012.5897244287457,-2.3563803893700097
12226.1367,1299.4208487233448,-2.5883576270788353
201664.0,4924.495255426065,-2.0746619880034274
115264.1,4037.68473281994,-2.0484129237393844
10874.449,988.678039399485,-2.548035229902105
115264.1,4019.4273746895315,-2.1707820849425303
18279.9035,1105.5696716613552,-2.458308187139309
10874.449,1084.1143156657652,-2.578133810285699
111917.327,3515.9085034369327,-2.2490007654998934
21753.6446,258.4329946608809,-2.3319139554524284
16676.6326,1334.1636147752008,-2.467641296256872
15126.0278,1083.704708358021,-2.4543011383809272
16676.6326,1249.8216031150891,-2.5193585710201347
27521.5153,2834.3916716483063,-2.4132827112343946
13643.006,-171.8554644816968,-2.518866339050035
115264.1,4611.357882884418,-2.124639714935526
21753.6446,951.3381271095686,-2.3826506680974475
10874.449,505.20982575308403,-2.6253970260221564
9587.53513,795.39218594171,-2.5031836879383036
8365.68548,706.8076145827115,-2.5990418042628107
25517.3272,1641.2251093913037,-2.384665247893899
16676.6326,1581.3288205961185,-2.5479514603635423
28864.1,3331.4307038067172,-2.36547920487056
19988.1649,508.73616024307603,-2.393617801767718
201664.1,4709.908706105734,-2.0535175546871614
115264.1,4337.800328510046,-2.0744835351186808
28864.1,2262.1777655362193,-2.2764861149929203
23595.7359,237.05547716733236,-2.3290734180370833
13643.006,1687.5673797117481,-2.5547661663768437
21753.6446,-46.79975156376213,-2.3104209003841234
10874.449,815.4769373913302,-2.563070867999649
10874.449,1170.0609292840854,-2.6395852401376274
108153.645,1551.015109744014,-2.1803730026153687
115264.1,5921.07451891536,-2.0663386593246287
111917.327,4466.816191202167,-2.3081045741982535
28864.1,5610.066845180498,-1.9900867600307066
15126.0278,1281.6048267070614,-2.5203932073531448
16676.6326,1709.1476462374094,-2.5439183091825726
115264.1,1794.9110102374198,-2.058163074311949
10874.449,800.2094519248453,-2.5760092509884345
6122.95784,654.5539736310023,-2.618587952798954
111917.327,2618.887287743146,-2.1820241691521716
25517.3272,1760.9277872233042,-2.394040720958948
115264.1,2081.9081074813193,-2.073068266773717
5108.0506,-135.47213109700147,-2.7142134459621943
16676.6326,1101.0599116723001,-2.4819714578216505
25517.3272,2170.1252058697673,-2.387787795355294
13643.006,1282.5051140460857,-2.5414666794925225
6122.95784,667.1148221277731,-2.635828703334184
104696.633,1666.4064643505399,-2.241316364759733
8365.68548,-242.0099892071387,-2.6706026174445228
115264.1,2191.708177553992,-2.036993850063091
19988.1649,1666.4959466543055,-2.4789820070366204
109995.736,2086.2167427752383,-2.1813194883247533
8365.68548,1110.6338098751628,-2.683327230929578
18296.6329,1929.445548566313,-2.5612992328007778
19988.1649,2201.3345057025344,-2.5141557323746255
113921.515,3379.579351753732,-2.2392743219955094
115264.1,2402.4554592417408,-2.0809732600064166
27521.5153,1986.5860158372298,-2.3863229499572824
8365.68548,1292.0888207537462,-2.6882267165133484
115264.1,2321.914946529737,-2.1027174561608746
15126.0278,923.6614313250163,-2.4855206623730055
108187.033,2422.2478841836146,-2.251721726274752
10873.7388,759.5747110583268,-2.555954043830276
16676.6326,1020.6613753980575,-2.4436148276892737
8365.68548,854.7771626667122,-2.563032776799261
28864.1,-31.721591064494532,-2.221205889526317
21753.6446,1490.9705756375238,-2.458453542713194
10874.449,740.9787878529667,-2.524454305787515
9587.53513,711.665668602827,-2.611742047067878
16676.6326,899.8799279340767,-2.487173808390679
19988.1649,2018.3955253075505,-2.516054894281396
12226.1367,-9.595521817457211,-2.5030711287806113
28864.0,1362.3473181212944,-2.271456969070478
201664.1,5513.229336037233,-1.9870797182687383
13643.006,852.1874486132663,-2.5533602556108406
13643.006,950.4427820564022,-2.567404019505709
23595.7359,663.1187293919143,-2.306993020662347
104696.633,3314.5474063353195,-2.3888200138184246
111917.327,3330.3216052272955,-2.191176819102658
19983.7714,723.2463653180612,-2.420804366081704
201664.22,9463.6534032881,-1.8255211060199628
28864.1,2428.7433462669323,-2.152966287668491
21753.6446,712.4249208314504,-2.393619488468417
18296.6329,1264.8440294844445,-2.418655330861668
16676.6326,980.8464204461061,-2.4435556494683013
13643.006,1186.7140304402071,-2.56217371532788
27521.5153,678.4937734237574,-2.2702649397522308
201664.1,7400.20656689239,-1.917093631322011
18296.6329,792.7610463412423,-2.390594760127229
8365.68548,1177.0210339357282,-2.6471048945547366
21753.6446,717.0172703569153,-2.3274396695303565
7210.06725,857.3416390904358,-2.632512842628998
28864.1,1275.4380713807204,-2.138210891190475
103076.633,744.2673783674072,-2.23026779551612
15126.0278,1559.8517944266382,-2.588335671521058
28864.1,4170.609825109319,-2.278127396512076
13643.006,1086.4718012115043,-2.5403832868678435
115264.0,3313.3897278380146,-2.153232768821546
27521.5153,1119.1161230047833,-2.3348622092622335
23595.7359,754.1757493176133,-2.3397087952109956
10874.449,556.4541318237914,-2.5793283499926005
16676.6326,468.1605666925889,-2.418551410019816
16676.6326,531.0586484325008,-2.4076788944661445
111917.327,3634.742211641308,-2.29952189197833
28864.22,2380.803630421364,-2.093606134226981
18296.6329,653.2680669244774,-2.475899814425368
108153.645,3137.802520526707,-2.3077013092361582
108153.645,3078.450818311574,-2.353197983691551
8365.68548,859.2040405053745,-2.545202842862423
111917.327,1968.1194600213512,-2.117307945385356
28864.22,1164.015916621901,-2.224718371715909
15126.0278,278.95198818423455,-2.4259583904914237
8365.68548,669.2979751912534,-2.6629970970941983
28864.1,2824.963992177016,-2.282410221303337
109995.736,3083.77768150024,-2.224182797843717
113921.515,3625.6971292012877,-2.228564572472635
18296.6329,1327.1555408356883,-2.480951693842954
28864.1,1730.3088822989957,-2.152228237846387
8365.68548,236.9218143067426,-2.642235321896756
28864.1,4224.059342936375,-2.1519812003178487
18296.6329,1096.8496755280735,-2.4288087701565644
27521.5153,2162.207132004729,-2.3530280646853186
16676.6326,1885.9910277766312,-2.5832302762660575
18296.6329,1416.4537915938322,-2.5308198763379153
19988.1649,381.59753931334717,-2.390961894450882
7210.06725,-533.5019329542881,-2.600826539882874
10874.449,1340.8180433708244,-2.5992906867474304
201664.1,87038.58766406638,-1.7261699610263008
13643.006,-77.16583093561758,-2.5006683550219577
115264.1,6424.947789541053,-2.011076559035409
28864.22,1956.189096848445,-2.079355161937414
115264.1,4872.043444800229,-2.02163296833497
27183.3488,1430.1972170591416,-2.34396242871194
28864.22,1218.4067470124073,-2.150784337326442
13643.006,366.88519157056044,-2.5246541693250606
109995.736,2541.1206109285813,-2.2427295347454717
16676.6326,811.2282338258501,-2.4776930661939076
23595.7359,1320.535952358151,-2.3445519127638974
12226.1367,790.9503427603504,-2.502895648711096
10874.449,938.8625503950179,-2.6171620267495896
115264.0,3598.299520055856,-2.1972308141917267
13643.006,-198.90701478483356,-2.423658848292561
113921.515,2381.959195484391,-2.1531918275231448
9587.53513,1102.3246805751107,-2.638454989898385
103076.633,1975.1822873511073,-2.3459858825761586
28864.1,5941.372851549824,-1.9888274029777548
16676.6326,1623.6863552622167,-2.526182225965215
15126.0278,1400.6975319371757,-2.535681739634896
9587.53513,956.0412318936372,-2.545982935051832
103076.633,945.8659652481738,-2.2644132976827933
6122.95784,-427.3018482023881,-2.5937118470671976
18296.6329,833.2939005282524,-2.440899239685173
28864.1,2523.244467172998,-2.2397406384018765
15126.0278,743.5545745928623,-2.4769081837151603
25517.3272,631.1367800212261,-2.2709677640309494
19988.1649,955.6350797661057,-2.444629183460954
106388.165,2041.5570692271094,-2.225212054336886
21753.6446,850.346615306273,-2.345349733985678
115264.0,3349.7735175655607,-2.1756453069931254
28864.1,420.5899835580658,-2.221418927896373
25517.3272,1187.6585585269154,-2.3392669286031804
10872.0413,504.5341625174249,-2.5184966039167094
28864.1,504.59348115479133,-2.199949049558235
115264.1,3122.8617322170803,-2.062086244177543
28864.1,4269.654534496039,-2.0913419984837063
9587.53513,721.5327658605873,-2.523082900964795
6122.95784,758.1616906114564,-2.6902170586330527
9587.53513,684.6323184036279,-2.548039662160946
7210.06725,1064.845345177993,-2.682326409547116
8365.68548,537.5262734665797,-2.525509435071548
8365.68548,788.6103404026635,-2.6138912360062108
21752.615,666.7942546798045,-2.343595805769553
18296.6329,1515.13321250379,-2.488834155699358
5108.0506,476.8301488716587,-2.6593697532448743
18296.6329,1105.1058901442857,-2.4205231595906085
28864.0,1385.6676969714713,-2.301257045422318
18296.6329,883.9503907559128,-2.425769025461477
15126.0278,971.3149009153899,-2.5184710721954247
16676.6326,321.76306950444905,-2.4130543081167843
12226.1367,1799.7660244409042,-2.6447281283030293
28864.0,742.5371545784683,-2.2806710472366802
,87236.28693134055,-1.6872360690369703
8365.68548,37.93212781857983,-2.5924091053949496
28864.1,2385.6786369161946,-2.322850623336471
16676.6326,1479.9489245537093,-2.5050433091844795
15126.0278,1009.9517953067511,-2.5210583959665698
28864.1,6706.553930482509,-1.9254566879509767
115264.1,6180.404058912558,-1.951037158154108
18296.6329,1263.6942788897331,-2.4877876329898
19988.1649,1427.8235536290351,-2.4639703775505595
111917.327,2729.212840108623,-2.275755886088632
27521.5153,1292.8863552216385,-2.3238376095399786
19988.1649,2002.9100877777719,-2.514670149650513
108153.645,2439.230500699038,-2.205702378173349
16676.6326,1825.2113749773355,-2.5800677964245082
21753.6446,1342.8457279889867,-2.42192615837876
28864.1,2886.746216178145,-2.2803046510055864
27521.5153,683.7747133879188,-2.26105751262552
23595.7359,297.88656833823643,-2.317278145349519
106388.165,1830.7989878060125,-2.2032217441272053
19988.1649,1706.8833664821686,-2.4946998330677843
115264.1,4450.617745896026,-2.166149963732046
25517.3272,1938.1654351394045,-2.421905479989192
27521.5153,634.7211057791751,-2.2621319426332107
10874.449,862.6419193584945,-2.585136806287096
111917.327,2189.70328285946,-2.1391129909417543
10874.449,1211.0051504020564,-2.6161014298777374
28864.1,1389.9470225510177,-2.2787539365985054
9587.53513,1110.1424735256685,-2.6292836320674624
28864.1,413.4288513392048,-2.186688787966226
23595.7359,2539.048671353434,-2.493851958290705
10873.7388,1074.9955914739164,-2.617503570372996
16673.5991,1157.9590412400253,-2.478878938223936
21753.6446,2025.871607796476,-2.4832668152134687
28864.22,1184.2453601259622,-2.126046665199226
27521.5153,1458.9589526228883,-2.2983540434992946
28864.1,1160.488264222493,-2.2361792478266693
28864.0,2661.803328208569,-2.3279844438220465
23595.7359,1357.3758627070183,-2.392538633621257
21753.6446,486.3254016417018,-2.383359505725828
5108.0506,579.163531858694,-2.6023796383700954
115264.1,5657.003745691385,-2.203252682632886
15126.0278,1616.9975210062719,-2.5606669459542957
106419.911,1776.4650063004683,-2.205199654574244
6122.95784,560.2860779065331,-2.6796085666254044
104696.633,2538.3983100480373,-2.346003359960207
115264.1,3801.055199517832,-2.030584838844412
106388.165,1050.1855257313791,-2.1646379780350458
28864.1,1682.3991579858266,-2.1560555910758197
15126.0278,991.5742988391398,-2.541942871740048
28864.1,1136.936451481522,-2.223816786674213
113921.515,3159.67203135595,-2.184772131365108
15126.0278,1559.1031422187752,-2.546188481991898
103076.633,1533.0668657828755,-2.2628165124790485
115264.1,7848.42980080194,-1.8218019065357751
201664.0,3904.661142080452,-2.218582082852727
18296.6329,983.6511805535613,-2.399222499766445
25517.3272,343.1026975000668,-2.2936290407571462
15126.0278,1761.492352102519,-2.550223899221322
23595.7359,1783.44581164598,-2.4006424789209078
113921.515,4113.563459198228,-2.229717671683467
16676.6326,1191.281061986589,-2.4967007081207697
115264.1,4223.11044045563,-2.0880653285118598
21753.6446,2554.73014421293,-2.5128043349529534
6122.95784,-325.1628457796887,-2.56056386971386
115264.1,3723.094594027053,-2.1038731084131257
19988.1649,722.0034660917931,-2.4124948376354496
12226.1367,777.0968035825437,-2.4898952506197105
109992.809,3195.7636323662928,-2.2718518196352377
104696.633,1937.2537224519356,-2.3013049637881053
19988.1649,1161.690674751435,-2.460223708278967
23595.7359,1959.5944292088534,-2.4057978520999583
104696.633,3310.2337985110917,-2.3628293163957537
113921.515,1650.3692131704183,-2.0670862759614224
115264.1,5147.839989062673,-1.9067441382878343
115264.1,5148.293508905643,-1.9397593556248083
4170.85443,205.2236399338616,-2.6455328293932894
115264.1,4750.341190769752,-1.979631392966482
7209.52954,-137.36901145889078,-2.6072530357091708
104696.633,1480.060387926057,-2.2042052791542375
28864.1,658.8295082301493,-2.211987330272187
12226.1367,457.82254209384905,-2.5455520982755644
16676.6326,1042.8524413676917,-2.4615286443593547
8365.68548,700.1391532176335,-2.5560728085416216
10874.449,912.4702131950739,-2.550819956949262
10874.449,859.2302152023387,-2.5987010203405703
13643.006,755.8036557071841,-2.5048353816734164
18296.6329,-813.652345697587,-2.3778392850538594
108153.645,1429.4193995231317,-2.1514267797947895
13643.006,723.0900687227447,-2.5126573575196716
109995.736,2444.01362184596,-2.2942671390431215
21753.6446,1112.5781167424975,-2.396881782547638
23595.7359,1136.1814390869981,-2.4054458715443943
108153.645,3588.129635289137,-2.3533935731235616
9587.53513,883.4351265913275,-2.5851944792118218
115264.1,3111.3976570658715,-2.08455885779739
111917.327,3077.8278380085667,-2.1597275255431327
115264.1,8935.067534032421,-1.8608861969062716
106388.165,1580.3361120905984,-2.2059113265053085
9587.53513,554.3502469912801,-2.5902928001940353
25517.3272,1007.7379990492645,-2.3339740404166065
8365.68548,775.1499362290125,-2.5990804092329043
21753.6446,1495.1606705119084,-2.4080726231393186
21753.6446,937.0280113108911,-2.379362237902079
19988.1649,1795.6602016805064,-2.5056328240364323
7210.06725,590.6430360945577,-2.654671942405926
28864.1,1352.8628079649116,-2.3171717110709764
15126.0278,505.1650269589402,-2.4526327539391772
16676.6326,1527.7465932571254,-2.5589233333284582
23595.7359,1274.0494679162744,-2.366716768877957
18296.6329,1028.6505125947158,-2.4206704561327754
113921.515,3806.4036762298765,-2.313261921510275
12226.1367,1593.603470601161,-2.6375893398583656
28864.1,3332.2108857399353,-2.066926528244778
12226.1367,860.4470418598771,-2.509497756324201
15126.0278,1431.938514154417,-2.5486257325878725
7210.06725,-145.1139277124978,-2.59242990027888
101526.028,1144.8315543914232,-2.24524641498504
28864.1,1264.7462763528702,-2.198097640340414
13643.006,1371.6190350805496,-2.601176847231386
115264.0,3352.649081575203,-2.162346235451956
113921.515,2954.946433813282,-2.147260381185454
27521.5153,739.1991321051746,-2.306730989144384
201664.1,4796.977064291117,-2.0225946775706163
115264.0,1935.2417247357407,-2.0656359041834236
28864.1,2903.9110774971077,-2.1832075793687835
28864.1,2228.8741796535032,-2.3551562849311196
16676.6326,1039.0537389739834,-2.467560147175405
10874.449,1024.0942217768638,-2.6317243779831117
113921.515,3365.0018606220074,-2.211380885788266
18296.6329,667.6333902428571,-2.4203517401390613
13643.006,604.5161153915769,-2.4656052681223883
23595.7359,2552.1501580703475,-2.474955002950402
15126.0278,619.4334103764891,-2.4845637018392495
5108.0506,-236.95404631115525,-2.6802533336916525
15126.0278,1222.3534862343517,-2.5434424955684847
19988.1649,663.2598317198672,-2.362112470323545
12226.1367,511.56832328886867,-2.4891077237283383
28864.22,5878.2374277241,-2.0121590828644003
7210.06725,-3.208828771922299,-2.666676602929371
19988.1649,1506.041860904593,-2.4610229222111073
19988.1649,1330.6615649227992,-2.4646111037719294
115264.1,5970.5595917933315,-1.894658226585186
27521.5153,1150.6256997069663,-2.296435540881845
12226.1367,882.1121239859674,-2.510543656560209
9587.53513,1339.1021398047194,-2.6776272677538273
15126.0278,670.1649743172288,-2.4888978996613673
115264.0,4022.1137296513134,-2.206262546243302
198317.327,3740.2481459718483,-2.1315679557509384
201664.1,4434.042455958581,-1.999097335348047
23595.7359,410.0056813754727,-2.3475040303889543
27521.5153,917.6182898135903,-2.2789358087712586
101526.028,1134.3026588865573,-2.25446809978547
18296.6329,1324.82791015764,-2.4488148064733153
115264.1,5289.507233033857,-2.045766253428951
10874.449,587.6611018436076,-2.6426699265381473
109995.736,2732.5029143405945,-2.273393772977414
19988.1649,1120.7246924943647,-2.4422700703669094
23595.7359,1841.49267820577,-2.3913700018116373
201664.1,6653.702929049174,-1.9120592434609023
15126.0278,477.1005151797333,-2.4646634403489927
27521.5153,2120.9818148363997,-2.393783640692618
27521.5153,2734.2012370248217,-2.4333009893662165
9587.53513,1166.6441832382134,-2.5882288900072155
6122.95784,660.4330397226533,-2.6314360186007377
18296.6329,244.4627316241781,-2.38138980989455
7210.06725,682.8372852105813,-2.6738550727277968
25517.3272,208.23674027044672,-2.267707011904484
15126.0278,1165.4901210820299,-2.5157702886723925
28864.0,1820.4544960728535,-2.3421663402286654
115264.0,3323.39726555391,-2.1575073910534215
18296.6329,1000.2225822703656,-2.4207858029353773
201664.1,9502.235261427846,-1.8983647046859673
25517.3272,2514.0667758082113,-2.458464887184718
25517.3272,1463.811021570607,-2.367850055103567
12226.1367,994.7741589702623,-2.577139855497151
12226.1367,1172.468581079478,-2.570211499322731
111917.327,4358.681506494957,-2.413615083025654
19988.1649,1670.7956873718533,-2.484796734399552
28864.1,2936.914216076524,-2.3427810248259178
8365.08413,907.7417552367501,-2.6016224408185167
13643.006,1692.351717905518,-2.571917709085774
19988.1649,774.4559477734306,-2.389300102961492
27521.5153,1349.9303460567698,-2.335880704111382
28864.1,3105.5724800583594,-2.0502910875906437
115264.1,4056.7342797330593,-2.0853294468823904
23595.7359,1509.2345049415758,-2.349691809230116
28864.1,2597.0662273316366,-2.3674790705008846
28864.1,2835.7003765719446,-2.089383965665462
28864.22,1797.0172292166553,-2.1752221272455614
12226.1367,929.5627521622039,-2.5758328815316958
12226.1367,718.2007948821379,-2.5650980423880156
201664.1,9717.496605501865,-1.8631069783127145
12223.5641,160.8618689504085,-2.4918001272248986
28864.1,1651.089121219543,-2.3235000007131887
16676.6326,-865.1988325087182,-2.40490486455581
115264.1,4578.576480431697,-2.1058387398733913
7210.06725,-340.44726511684166,-2.5783324766134896
16676.6326,1051.7236026760756,-2.52776689159014
19988.1649,1238.509385058213,-2.493318561899393
25517.3272,1629.949616382261,-2.4054500721144265
19988.1649,921.1515551968873,-2.4125561651777048
18296.6329,1399.2523383916312,-2.501243816728575
115264.1,9185.736734559363,-1.9832049912409957
28864.1,925.0573543314449,-2.1621571571698155
19988.1649,1271.8202974133492,-2.492480634053514
21753.6446,875.4047571946326,-2.403187852843594
15126.0278,-993.6396649460885,-2.4252060697186977
10874.449,549.1856393688302,-2.574087661500677
201664.1,5241.501117018375,-2.0649246095161757
25517.3272,686.6435200302267,-2.3040524412136705
15126.0278,1259.9592603547578,-2.539625312699414
6122.95784,-14.461118612277005,-2.6534887795193214
115264.0,3109.600783717664,-2.0901369367848304
115264.1,4468.108786338842,-2.0492542626955412
23595.7359,704.1466992141454,-2.355651524052483
12226.1367,1104.5656910313755,-2.499123290399794
8365.68548,-138.84131112018372,-2.623913590842605
201664.1,9805.377434788164,-1.839547856784577
18296.6329,1745.8055928003134,-2.5360325859991377
13643.006,1171.870672092993,-2.5622436213527635
4170.85443,107.72180503579546,-2.6284826829793317
23595.7359,1290.0111340233075,-2.403945116838024
16676.6326,929.9181443510163,-2.4632343412605735
23595.7359,1256.1286245857718,-2.3966959676746455
18296.6329,1704.4394386380404,-2.5256631678202126
23595.7359,1506.7415831463318,-2.418514625666951
21753.6446,998.1210135650299,-2.3842268459737497
7210.06725,689.4179023677564,-2.614492404022492
27521.5153,1933.3096768853911,-2.403304011250725
16676.6326,1544.873283172813,-2.527061359736976
106388.165,1303.4025348996884,-2.2218900079408996
28864.0,2751.1886519459895,-2.376370692822796
28864.1,1925.0702651074507,-2.092240962756783
25517.3272,684.8096757430212,-2.289511396947269
12226.1367,-54.82632483893258,-2.5113221664477763
,87954.56937622186,-1.7583615221618487
16676.6326,930.7366649449359,-2.5042983883599135
28864.1,1695.6351360855333,-2.1376997836625478
9587.53513,905.4575631156182,-2.553411865092194
16676.6326,775.123247059415,-2.4899810646825458
12226.1367,924.880016317262,-2.469443666190209
21753.6446,2054.3712258503397,-2.521757920702747
23595.7359,1655.6505905722615,-2.396146270453883
115264.0,4154.288042743078,-2.2418626369394374
103076.633,841.5210131435733,-2.2314014864892755
12226.1367,1497.947011361139,-2.6054539620487134
15126.0278,650.2944287793814,-2.4565015322097494
18296.6329,913.2561798621305,-2.4569922044509056
115264.1,4017.0149899111675,-2.1161426758404573
201664.1,3866.97629457756,-2.030241370207577
21753.6446,737.0876859210484,-2.3735802259576175
15126.0278,1052.1205377269189,-2.527051162445339
7210.06725,554.4422901422865,-2.578826069564329
111917.327,1249.6480525644774,-2.0802604225677683
28864.1,924.4489604081773,-2.1931774119464578
10874.449,610.4549924068365,-2.5621959108937844
8365.68548,768.139381321664,-2.585245904687781
8365.68548,926.7423904263142,-2.608875227489257
28864.1,493.24069142463395,-2.198402243490257
111917.327,1299.6329078204544,-2.113374231420501
7210.06725,602.8075919171195,-2.5962243058464196
15126.0278,1145.1920629333226,-2.517076554254494
201664.1,4484.04628375926,-2.047360778439831
15126.0278,1621.5605830663549,-2.5611573627973883
19988.1649,1091.6146084904549,-2.4424875626599416
9587.53513,842.435710042218,-2.649425237071995
8365.68548,733.5896765527292,-2.5620942436465484
18296.6329,1189.7497977443977,-2.4574144423783295
9587.53513,915.5848460091444,-2.52216025347672
115264.1,9050.547877439782,-1.8442834380966744
8365.68548,294.3635089241084,-2.5973793487062125
7210.06725,549.1524406145553,-2.5870781022149174
28864.1,1901.7456266593972,-2.264929572157918
13642.2008,1798.0576213983759,-2.577663281215969
9587.53513,1265.7044386303317,-2.6730630981038175
12226.1367,1298.6547981039837,-2.5956407083352957
103076.633,2079.6362661944454,-2.275303930079005
27521.5153,1918.328153455434,-2.3665280699937483
23595.7359,84.23590281561155,-2.295275771522796
201664.22,88002.37813192682,-1.6991817045872963
19988.1649,1461.400820416572,-2.461868685692366
12226.1367,1553.3825566936925,-2.5522575880374845
115264.1,3492.4042797376096,-2.1060439312758135
16676.6326,1041.4737718864412,-2.479978938603729
12226.1367,17.896701979686895,-2.555859314535482
13643.006,619.8569930445851,-2.4689961556674405
16676.6326,892.057079971577,-2.443405279274252
12226.1367,902.5602359571932,-2.553453991673294
21753.6446,1573.6558777309147,-2.4285671239478503
115264.1,4484.906454809652,-2.093552761488276
27521.5153,581.7120659208758,-2.250960074298625
8365.68548,1290.7845123595348,-2.6609685764850965
25517.3272,847.8905496705238,-2.3544344639631802
201664.1,8215.159002863005,-1.8337787741772402
113921.515,1782.2715936692848,-2.0854715161044695
28864.1,2566.0380551173366,-2.154202462057839
8365.68548,1225.1270597454088,-2.667443541809874
,87627.87164603468,-1.7216104291849206
5108.0506,604.2747675457534,-2.637694014833805
12226.1367,1314.8119368680552,-2.592307613543902
10874.449,631.0693076253663,-2.5191812723023332
23595.7359,784.7375761874755,-2.3276031216441666
115264.1,7585.977110293701,-1.8650149996929883
27521.5153,1064.0112401719712,-2.300729359977801
23595.7359,955.3287659912471,-2.309992434185034
15126.0278,1827.3456325503391,-2.570345763498949
28864.1,4524.933642998525,-2.1651799269835763
113921.515,2159.2187600143607,-2.1155736388878736
13643.006,1494.2573320385134,-2.5913947323883235
18296.6329,945.9396205036073,-2.468762225025685
115264.1,5699.477632045748,-1.948623136994307
10874.449,1232.9935924422266,-2.6245962844147996
288064.1,85795.15598627442,-1.7616243784280812
18296.6329,1375.29046381931,-2.5091458488517446
115264.1,4740.19263322854,-2.0153189833267433
13643.006,355.5665232487272,-2.4540375929520764
201664.1,87071.09498524154,-1.7866588625762674
25517.3272,1169.5940410038702,-2.3358604036390673
23595.7359,965.7821909062995,-2.3067191533624225
23595.7359,682.7770839827767,-2.3473293743073285
28864.1,1283.3440348807808,-2.2327573707923776
115264.1,4968.6003624124205,-1.9486626535982339
104696.633,1801.2587559122285,-2.270122753174519
200321.515,4342.706142714883,-2.0930317072080555
10874.449,1129.8571004089245,-2.5845696556091866
19988.1649,486.5123572995053,-2.4123254236694223
288064.1,85607.49198145403,-1.7828657805071515
115264.0,4233.069990460023,-2.198381957969893
115264.1,3977.8161507775894,-2.068171881500618
18296.6329,1252.6682649299596,-2.4747388792167726
115264.22,6504.294859776866,-1.8796823143957653
23595.7359,1514.1916192820067,-2.3685803759192154
8365.68548,654.0941197695013,-2.605328915391688
16676.6326,793.5993490660396,-2.467871168835643
21753.6446,915.1354494924535,-2.415120048258622
8365.68548,699.6900376049103,-2.56518491753166
115264.1,3974.605408493335,-1.9863015162029
16676.6326,1871.3161968279974,-2.5918770796004296
111917.327,3511.197066806746,-2.2511413226820096
18296.6329,621.5128036241786,-2.429195823417132
9587.53513,266.0256116332712,-2.562267609318731
23594.6597,582.787801769086,-2.2900415155699747
15126.0278,1653.2075720004013,-2.6187492153750256
106388.165,1590.3668702481018,-2.2177906795344597
12226.1367,754.5127046801762,-2.504594609204716
9587.53513,645.5302958189833,-2.521593031808159
21753.6446,1987.201083787916,-2.486349555511943
8365.68548,177.98456948333637,-2.663847936150539
115264.1,2746.5694517869006,-2.0570349020834087
23595.7359,1339.6538061479914,-2.4156396872560606
106388.165,1823.8827647201824,-2.2038182366207266
6122.95784,482.1313010253335,-2.643363890182968
15126.0278,981.1552430107904,-2.5127481559553786
27521.5153,889.4963274482316,-2.2748335005834477
113921.515,3404.763967635813,-2.1820040885057637
8365.68548,-523.7216688373737,-2.6087138238618337
27521.5153,1922.8789711524487,-2.363059232950093
9587.53513,-2474.0397441698196,-2.530912712178143
18296.6329,795.7320699691277,-2.437952863085428
21753.6446,1509.2703155810427,-2.4084590514996123
16676.6326,1014.960285898519,-2.5259029773820316
18296.6329,1218.7932035136273,-2.501020401381254
27521.5153,817.9256565399401,-2.310564636904843
28864.1,2387.071643851463,-2.2991937669457485
9587.53513,1100.0174218310203,-2.5829989624020087
10874.449,692.2442443578541,-2.5540742660009244
12226.1367,984.1490300411247,-2.5881536141414685
12226.1367,777.0662918496382,-2.5136115973330178
25517.3272,2454.439431783428,-2.385996268160639
25517.3272,1963.368873488978,-2.3835789015175592
25517.3272,777.6615632319827,-2.2797840169291064
15126.0278,846.2034507297226,-2.5001295430047037
19988.1649,1012.3094579104772,-2.438385544661749
21753.6446,527.5403973441717,-2.3406012916368013
7210.06725,147.19430645840885,-2.617555738923734
115264.1,5428.517282553923,-2.0965195765682125
28864.1,1318.6638657003568,-2.26770915766177
9587.53513,53.87320141236319,-2.632496414235675
6122.95784,631.9809061941248,-2.6131416867077064
106388.165,2493.8562114578535,-2.266052816742061
23595.7359,982.8166958532802,-2.386981878734524
13640.2762,287.4365774060295,-2.4838130271965966
12226.1367,1019.5279676236084,-2.5893951005283284
28864.1,1078.8901199851107,-2.269412643890327
104696.633,1653.6562398310198,-2.2672104436229574
7210.06725,880.3838180325243,-2.682709097962068
25517.3272,679.491854471195,-2.286243366699921
115264.1,5494.939704846445,-1.9580467114857
12226.1367,865.5157508190723,-2.553829770586276
5108.0506,434.91177148253047,-2.6267440898587253
16676.6326,1133.8430118666674,-2.5375539791175683
18296.6329,364.76624002315884,-2.399726014217464
16676.6326,-944.2439438248703,-2.4157387352073556
18296.6329,1802.8566209581968,-2.5238581279884045
115264.1,4028.517120527067,-2.0357115549937888
16676.6326,1069.6102832400766,-2.4973869937475612
15126.0278,-1038.2907947960603,-2.4310909973297754
16676.6326,282.50242384091325,-2.4081175123682357
101526.028,804.1549714178127,-2.2613359349498054
27521.5153,368.28958472706563,-2.2769198314869357
12226.1367,1242.8479549126441,-2.591510962363749
25517.3272,2313.7298497518,-2.4215576113735366
21753.6446,1361.5905606411034,-2.4633016182305454
13643.006,1133.518166373788,-2.5068985935527124
12226.1367,295.85801845566084,-2.537762797077498
6122.95784,517.5833568537882,-2.6011191951857455
108153.645,1970.6993986946163,-2.1847776330011612
16676.6326,-902.8538529350517,-2.42384773419478
21753.6446,1299.9732937119795,-2.409759252742866
25517.3272,1398.450226962785,-2.356114487264904
9587.53513,1137.618240640842,-2.605253180780643
115264.1,3139.0356866973552,-2.1033514358586416
25517.3272,696.1730869041289,-2.29335118623068
10874.449,539.3895304020198,-2.4960176461329695
21753.6446,720.5753661169365,-2.3861741060232617
23595.7359,1334.1422739892605,-2.750430617483836
23595.7359,753.4124892810682,-2.291570174836366
18296.6329,1322.5786250487563,-2.5111357887592547
25517.3272,966.0357261796853,-2.296548509097221
10874.449,895.902809178386,-2.544460818098692
113921.515,4165.394415190868,-2.3421531928023427
200321.515,3782.2064673326076,-2.0210916570646162
15126.0278,1177.5748786147162,-2.5032273918054173
5108.0506,434.9719792220789,-2.633146825574137
10874.449,618.418407568188,-2.5709614183615983
6122.95784,-403.7652615923498,-2.636158530434095
25517.3272,1403.8136366341673,-2.350718056738245
28864.1,1700.6205443441831,-2.241886527021201
9587.53513,1219.130729228706,-2.649644414544696
201664.22,89531.81588133161,-1.684368866144247
201664.1,7820.50503054834,-1.915153310352082
201664.1,6521.348209921354,-2.0493324345190302
13643.006,719.9350781902117,-2.526191463545679
104696.633,2768.280554541747,-2.2920592621025406
201664.1,6314.254186400178,-2.0271224848534573
115264.0,4624.142670962862,-2.245200390932631
115264.1,3673.719632783721,-2.028457686670201
21753.6446,2761.056576070465,-2.5270865366316855
108153.645,1827.8355072348122,-2.185235226299838
8365.68548,517.23891596811,-2.5407071495705367
19988.1649,2320.813702843002,-2.543815013147338
12226.1367,965.2576471283123,-2.5928497357919227
12223.5641,303.1276456448338,-2.5494973708316806
201664.1,4687.339012074794,-2.0089566447126685
21753.6446,1053.1546326516586,-2.3562104964246373
21753.6446,968.2590481456382,-2.420482105090535
27521.5153,1036.3279954740115,-2.2845181679253486
115264.1,6294.012165201741,-1.9499602380159402
19988.1649,1536.819648023024,-2.4633223328314457
21753.6446,542.5625499670423,-2.3269743874283435
201664.1,6188.369507363925,-1.926382138240399
19988.1649,896.2191329885859,-2.448055119740701
21753.6446,677.3100820407187,-2.3159280900208685
28864.1,1335.2990107925953,-2.166964269591844
21753.6446,1258.38972000908,-2.446813189333831
28864.1,979.5198683761191,-2.220396629670603
28864.0,2410.1074029291476,-2.3702205523466446
,5074.302931207089,-2.2483644210607707
9587.53513,1412.2515865608166,-2.6805714552045075
15126.0278,1130.398432030664,-2.5113492685234036
111917.327,3180.3399453015872,-2.26980908332807
25517.3272,804.6545133949762,-2.3246780916773204
13643.006,838.9996484083351,-2.5141428353119792
13643.006,1724.2668738079678,-2.58880281575253
106388.165,3227.1762413513443,-2.374332933244794
10874.449,238.65519486085464,-2.609462790855119
9587.53513,891.4587441155091,-2.5145329249989388
28864.1,2136.3886890349004,-2.1724953139615835
103076.633,1807.2138840997468,-2.326605377124366
27521.5153,881.3675620206632,-2.301311089680894
113921.515,2091.287012288177,-2.0994688687267455
,5442.765477311909,-2.2171892972324727
28864.1,1123.3273374858127,-2.3139008143330244
115264.1,4604.572232486759,-2.1250434700529297
27521.5153,788.1304402546061,-2.28347661995101
25517.3272,1100.740319869929,-2.3291572392822033
115264.1,3750.6326948159467,-2.1228412641547934
27521.5153,986.7830649902717,-2.3424728801008214
13643.006,548.3581453561446,-2.5218488190937833
109995.736,1556.4173319181828,-2.163406393966376
10874.449,756.7693600186217,-2.504915025872215
106388.165,2215.1497126844506,-2.302986345554565
18296.6329,1005.8360371035506,-2.4608890019625633
25517.3272,2996.1803362775822,-2.458191409368389
10874.449,163.67666617617078,-2.5624435867709536
115264.1,4877.785492948868,-2.084219560919884
18296.6329,690.3858179991016,-2.4103002895842778
13643.006,127.9683460427882,-2.5468758156106546
201664.1,28862.47565737073,-1.7836870383404673
12226.1367,-38.92378328521272,-2.5227137544562623
27521.5153,669.0478043520516,-2.30391683961782
21753.6446,1231.750809130824,-2.3894921555858417
23595.7359,2039.4473976222534,-2.420976339137873
16676.6326,951.2921163286967,-2.437215256645729
28864.1,910.7364103399568,-2.234676102864121
106388.165,1792.4492187926335,-2.2095306584427945
21753.6446,1942.0636360163676,-2.4738487135471914
10874.449,741.7931175365588,-2.5432624398784185
23595.7359,1691.1246704630953,-2.3983738881679173
7210.06725,-541.3713719807224,-2.6738250740873326
9587.53513,411.5169131554301,-2.529876540753243
19970.6372,529.9727911279606,-2.4064376456774923
108153.645,1805.3007444959667,-2.1840212880214054
106388.165,2416.4431125228775,-2.273984008258914
111917.327,3269.528588278151,-2.167613201197966
13643.006,1590.1686434957878,-2.574318453599176
23595.7359,675.366718424309,-2.3240388296122916
21753.6446,2069.6107982470585,-2.4298126615325657
106388.165,2271.668799181057,-2.2572939436410664
,90066.17357497575,-1.6906225023221353
28864.0,734.5735045035472,-2.2370136075013036
19988.1649,876.2026768443525,-2.392665835792812
115264.1,3745.9028822819982,-1.9863035750902327
7210.06725,350.4531510375785,-2.6272544692271964
28864.22,4625.041054465577,-1.9969514875264949
21794.4912,508.7814447255123,-2.285506108690413
115264.1,6243.440824380965,-2.0665585586373325
28864.1,4980.11954772418,-2.015512091066057
15126.0278,1177.115674377523,-2.5244176838168286
8365.68548,366.02124572234356,-2.6109917478647944
23595.7359,182.98514964420474,-2.3202261664677977
19988.1649,635.0325441663338,-2.341433531153463
15126.0278,781.2110957243576,-2.4619786515999564
10874.449,829.5500547546203,-2.5608069311265638
27521.5153,1952.9275624519505,-2.406753020595275
19988.1649,1258.8867943719388,-2.4528975439470173
115264.1,6324.87264792078,-1.9209322396442587
115264.1,5836.2037991124635,-2.0209551265946857
9587.53513,981.0964392471727,-2.5218376059613092
19988.1649,1913.3935461220117,-2.507927143376932
25517.3272,2128.412001972949,-2.404738939135882
115264.1,5420.22307087509,-1.9756211165921655
9587.53513,1068.2812036219864,-2.559977851063728
28864.1,1769.2622087898944,-2.1359689914255284
8365.68548,791.1889933996216,-2.5775417282109316
7210.06725,-240.9476273551354,-2.7080854747332026
10874.449,1249.6108184465172,-2.5828237836205687
28864.1,756.3494380969505,-2.224604897383607
15126.0278,1313.6620482283008,-2.479024235640985
115264.1,3422.4966438149568,-2.032526481290361
21753.6446,1306.2089030936504,-2.401963413112945
21753.6446,1346.4465868724442,-2.4226216703718535
7209.52954,729.6659898713228,-2.6306540734921384
104696.633,2111.321913182594,-2.24903468400516
27521.5153,2565.9712888917447,-2.419537433955405
6122.95784,867.2999946548669,-2.6756906471089508
19988.1649,583.7672738972697,-2.392578606075915
201664.1,4566.1959780206635,-2.1143176276009257
23595.7359,2812.250407018317,-2.5151761268257076
27521.5153,394.97387607118844,-2.2822034911422904
19988.1649,2058.60750836201,-2.496216083373909
7210.06725,445.9746541685782,-2.563467142080441
27521.5153,1412.7279209460876,-2.3183914377352863
10874.449,601.3209755101041,-2.572980573960777
23595.7359,1722.87899559296,-2.420574953181088
115264.1,4068.8455033164137,-2.129970090744031
201664.1,7176.550999029238,-2.0864923175481564
28864.0,742.2305896214166,-2.277292184126324
28864.22,1883.2988924612482,-2.2167234896199375
28864.1,988.0935601675073,-2.17696298732978
201664.1,5874.5238303454325,-2.1652618982724974
109995.736,2794.928718454359,-2.215477950390074
12226.1367,965.5512181472363,-2.5448703933977868
15126.0278,950.6248334462762,-2.506245363482442
115264.22,6080.790639139077,-1.9644703413854145
200321.515,4297.323846973275,-2.14329375756261
18296.6329,1333.4562849412837,-2.5185843469567004
196395.736,3879.4155605107608,-2.0771076304148295
18296.6329,1240.2768632256439,-2.423339635352775
113921.515,2541.6147934409146,-2.098760832771241
10874.449,530.5676764295779,-2.5261496467932574
10874.449,808.4069521637201,-2.570589685964663
23595.7359,1745.0635696228796,-2.4612776896681723
115264.1,5365.11384073662,-1.9649344907885293
23595.7359,1596.3084732972761,-2.384295455497991
27521.5153,1143.6603515269712,-2.352024995530968
201664.1,8227.669190016562,-2.0511738826081967
12226.1367,953.2490453488376,-2.5525963540345202
7210.06725,516.7606938949891,-2.5804106011090298
115264.22,4594.497177130059,-1.9140579435175695
16676.6326,574.2777102712023,-2.422976963185093
28864.1,960.3076030080956,-2.1590060146631203
12226.1367,625.0482223745157,-2.4788166447049065
18296.6329,206.27643615729494,-2.3669968561311023
23595.7359,1889.5478757530932,-2.576134163555089
13643.006,1660.436116631949,-2.620036537036185
21753.6446,955.3599841951896,-2.3467530253355733
28864.0,607.5017025334546,-2.2882671117487945
9587.53513,1122.9340825042548,-2.6193141017392563
12226.1367,1756.820019287763,-2.6584979815779377
15126.0278,1719.896505597578,-2.5570108276504158
27521.5153,1698.201424505804,-2.3522881956131414
23595.7359,1641.734997593207,-2.4229626464098573
12226.1367,-286.24654163838704,-2.535041099018038
28864.1,3618.6447895285055,-2.294392471838563
115264.1,3524.3845400539385,-2.1302155050167713
7210.06725,448.683814335124,-2.5726405965099417
13643.006,1017.5717640866753,-2.5313320841782883
12226.1367,892.6958127136427,-2.5390605012635348
21753.6446,592.0034844326492,-2.3613723046353243
27521.5153,1078.3114799574755,-2.3213292068427336
8365.68548,1095.0159235792971,-2.6784106306945077
15126.0278,1577.8846637180295,-2.566326253902929
201664.1,4892.147817644882,-2.098194285882691
18296.6329,937.3540206411355,-2.452778925952714
23595.7359,1156.9676667757576,-2.3579315097833273
13643.006,279.0640644858163,-2.5075671169344744
5108.0506,480.1739568235125,-2.6413042956483466
111917.327,3858.049293664708,-2.2251479389068862
10874.449,1129.3372280336966,-2.561237493240583
12226.1367,1518.917426782801,-2.5573112270318106
16676.6326,915.9549628436048,-2.494466958936357
10874.449,951.204559752423,-2.5558756792728445
28864.1,2837.04705738326,-2.293269039483512
196395.736,3890.513371890417,-2.0976406498978264
113921.515,2590.7684600996054,-2.166778713791409
5108.0506,-193.6885988663464,-2.676920752380262
7210.06725,-575.6987664590038,-2.560949428397791
28864.1,324.4968944506936,-2.2181805194102253
23595.7359,967.5719853084561,-2.340735846576436
109995.736,2617.958829674112,-2.1890359409482514
18296.6329,903.0454285818996,-2.458904425766768
28864.1,974.9633024625573,-2.206606771417732
28864.1,3851.539921335281,-2.1075058303938405
9587.53513,927.0491217677379,-2.589530097247419
21753.6446,1897.0460185755387,-2.4223268469725525
8365.68548,858.3047675494495,-2.628311262196739
115264.1,5471.788866676,-2.041490861527727
27521.5153,2756.470470124149,-2.3784476644616888
28864.1,1018.282889347347,-2.2033128010717817
115264.1,7263.592513324313,-1.936576850303382
12225.3779,515.7519393681046,-2.5574656244148386
106388.165,1231.1973620109784,-2.1942426781249225
18296.6329,1484.0165214510753,-2.4951617382191245
19988.1649,600.3548634526414,-2.402148013094127
201664.1,6928.527586226284,-1.944271032725787
23595.7359,1125.235970004319,-2.371081535881963
201664.1,28862.11995527408,-1.7849342035613773
115264.1,6188.172444773403,-2.003149771406676
106388.165,2116.9659515527246,-2.268998071511348
8365.68548,859.3525827886533,-2.593742135429885
4170.85443,514.4232568152748,-2.638498532360863
18354.0223,-2676.4450736002277,-2.361085896895659
28864.0,1464.2753830159754,-2.332797191284854
16676.6326,1006.682486458847,-2.4644293891567557
101526.028,1157.3009089581487,-2.2821651345962906
12226.1367,258.67242177664957,-2.5622506574321875
19988.1649,2138.291593361596,-2.535541974220081
7210.06725,599.4065431879487,-2.588165113182967
115264.1,4138.740752135486,-2.064167206704198
115264.1,3219.2810602539766,-2.0704628820279325
,7805.49199193029,-1.9567792336678167
19988.1649,890.2756298786312,-2.429190026182532
6122.95784,509.28029439983726,-2.6200775040065025
27521.5153,2550.5413556816325,-2.380043075556607
28864.1,1942.5821320619125,-2.093903230696121
201664.1,5990.457471302586,-2.122913366020093
12226.1367,921.3129780588838,-2.541177515797955
4170.85443,-442.1214131626796,-2.6825279315330803
13640.2762,1325.7314868067535,-2.585778295438857
115264.1,4091.3601387831604,-1.9685808789846746
23595.7359,547.6021477924255,-2.3270533598856034
9587.53513,480.7203836808819,-2.5870335659429102
18296.6329,1590.7594036899636,-2.482778553331201
27521.5153,697.3858681381816,-2.3182144798360937
,8398.348685832258,-1.8790961114614149
28864.1,1034.5611126876079,-2.226813587689392
19988.1649,898.933834543071,-2.3867697494417186
7210.06725,3.4050425685770733,-2.5579681430101147
18296.6329,1361.1903133380397,-2.4673026491257275
21753.6446,514.5678251196664,-2.3398092918774225
8365.68548,809.5552112147282,-2.622627066283755
9587.53513,950.0545611704677,-2.5943038762320896
115264.1,6375.2815354736285,-1.9273823916067485
19988.1649,1423.0230507169167,-2.4686242452635554
28864.0,2826.6422591390237,-2.420739411131507
13643.006,610.9641033209173,-2.5243678574146458
15126.0278,1278.7984637239467,-2.5455236541707436
16676.6326,1605.4062858351172,-2.54148409954162
15126.0278,1325.732584821758,-2.511209991028096
115264.1,5368.281795621353,-1.985001746029667
21753.6446,1369.941452863981,-2.428002407276864
106370.637,1279.1035020807176,-2.2037791597404564
115264.1,5962.941064821702,-2.1268142466804676
28864.1,1306.5308862212178,-2.1423391251928336
19988.1649,2405.664281642289,-2.5476931613196427
13643.006,742.0875099994569,-2.532993342173306
13643.006,52.82689116399479,-2.4593491494247814
15126.0278,215.7219121184089,-2.4285904790133017
16676.6326,-922.4481063350158,-2.4230676406536986
16676.6326,969.2661934628109,-2.4839036918861197
12226.1367,-98.62631952790798,-2.4819920978947465
115264.1,4546.758913027514,-2.073730022303394
19988.1649,1335.7969968086813,-2.411331091104792
28864.1,923.133971870393,-2.1903417079827676
28864.1,715.0241327004533,-2.2305318406219357
104679.904,2207.4791119746687,-2.2731475647869104
8365.68548,792.0983738748096,-2.5638343516666
6122.49303,597.8079317524238,-2.663752924665104
28864.22,3400.642170431178,-2.0378791551607804
115264.1,4405.291781562628,-1.9336411230887123
25517.3272,893.2296279721995,-2.3357591921791823
106388.165,2798.5685715555383,-2.2695925002143014
19988.1649,1091.7720921171808,-2.431023559785224
115264.1,5241.108711592306,-2.1429756247021743
28864.1,93.62776154639596,-2.245607709295321
115264.1,4476.198833065731,-2.014298463971933
108152.615,2742.7926760502805,-2.206827338592255
115264.1,3456.060676759227,-2.148937136472412
15126.0278,1592.507968730228,-2.578399102312382
18296.6329,1488.0859103264286,-2.7493679775336446
101526.028,1723.0268456661138,-2.297311873929061
23595.7359,1400.4187635514445,-2.4337931681132474
21753.6446,1276.1832438043602,-2.4453460171263046
15126.0278,505.301349706006,-2.4615831678874684
19988.1649,1902.4386820579693,-2.457227691835122
115264.1,2763.633245813812,-2.0539062811032807
9587.53513,601.412757813767,-2.648968302227459
18296.6329,922.8449373317969,-2.4236899794949522
27521.5153,2102.4208413128013,-2.3819170299941135
5108.0506,454.2223147681457,-2.653449726607029
19988.1649,1497.0969058585874,-2.4811425753697023
16676.6326,1227.944751572912,-2.4394470753207287
8365.68548,1145.7380478690723,-2.6303057902742495
15126.0278,822.3127977121089,-2.4661990151165583
13643.006,598.6382569092029,-2.485632837327003
23595.7359,1650.574743807625,-2.4018369443634313
12226.1367,1877.2186720639438,-2.6381232893289948
27521.5153,1186.1293360865739,-2.3309073216880662
113921.515,2080.4052183123695,-2.110817058897318
8365.68548,597.336961703063,-2.6508327133126173
12226.1367,1573.8398549423746,-2.627217285845994
109995.736,2699.7055057535727,-2.2340107838055943
10874.449,1501.727608630024,-2.605520846638278
115264.1,5547.062573807365,-2.1419469908589406
115264.1,4725.616322706679,-1.9817453235600695
19988.1649,673.4254982973857,-2.424442218806192
27521.5153,2969.0795282404843,-2.441759951630196
25517.3272,2344.9844952267053,-2.433742212947301
10874.449,1405.1391562188423,-2.6389877506536905
23595.7359,1082.8850977527,-2.3522950804790526
104696.633,1771.281974815227,-2.253104474409959
28864.1,817.8944911407161,-2.1894054325412142
28864.0,1253.2227581851994,-2.2926231441111398
10874.449,733.1682881356849,-2.5231104065272163
288064.1,8477.570057988796,-1.9006594699476196
21752.615,916.6230409470631,-2.3939788287126404
25517.3272,1076.040264339153,-2.2981618123388117
18296.6329,622.3927963941992,-2.373508928710301
9587.53513,670.953772789249,-2.549641283913715
28864.1,959.6597203810607,-2.250666377311653
111917.327,3552.5603090523055,-2.272236727559509
115264.1,6821.571218842411,-1.9195889284797047
23595.7359,521.2013774953671,-2.333174183870028
23594.6597,1163.5249581852663,-2.394838047728612
7210.06725,909.3740899519648,-2.5879696360530815
12226.1367,948.6154043118136,-2.5014589746566998
28864.0,3732.730535730094,-2.446910032805505
7210.06725,-70.80822799015209,-2.5786613912376453
106388.165,2663.255096051702,-2.2681987237162744
113921.515,3684.438044847976,-2.203569977012215
9587.53513,732.5071313647942,-2.540163988216605
28864.1,1358.3677497207636,-2.3271264855585656
18296.6329,1517.506097049271,-2.53702665482011
113921.515,3081.0513954495655,-2.1820589091236045
25517.3272,2233.5401771093725,-2.429608043158197
21753.6446,673.4062012277423,-2.3140879003027948
25517.3272,951.1609621442781,-2.3527002169315665
9587.53513,641.3425092688839,-2.576324103617935
13643.006,364.59646252067796,-2.4870557177238553
104696.633,1772.0932718176628,-2.240162276860545
5108.0506,435.4849730411711,-2.7064833079258364
5108.0506,481.6829739344291,-2.5987522590382213
21753.6446,1099.759371074741,-2.382839012964837
9587.53513,1043.4183910895952,-2.546408445686531
104696.633,2068.625402586702,-2.2936469731654583
8365.68548,173.7953084681037,-2.6159944615086133
25517.3272,1186.074362670227,-2.340288080575526
23595.7359,1462.695168694334,-2.426584138224463
13643.006,773.6450948986887,-2.473582585710865
,4534.665243352714,-2.1500266057835518
111917.327,2863.6887194165274,-2.22296387999927
15126.0278,1344.2525820899377,-2.47380644555448
15126.0278,608.1747226100122,-2.4843651107978104
18296.6329,683.7989110361191,-2.41704440583959
28864.1,1194.1221927560978,-2.2798033825350856
115264.1,9659.179990528437,-1.8521484637063566
201664.1,9876.128479602301,-1.8144472854005542
12226.1367,458.89944342997273,-2.5503973970640743
16676.6326,1350.2662532307033,-2.475787228947624
10874.449,1044.8231214511297,-2.6072593224265432
23595.7359,2634.038167206898,-2.4832908582601476
19988.1649,1402.2495218775357,-2.4514697241059693
21753.6446,1887.25207836638,-2.489619383424383
115264.09,5227.112371674561,-1.9741922678169885
115264.22,8735.550973860481,-1.8643924569291386
10874.449,1298.2070745934188,-2.5767528136729965
108153.645,2846.3963463151886,-2.2674954802815463
28864.1,2401.833414967824,-2.372401476752266
108153.645,3504.5442427471926,-2.3374915600655513
21753.6446,1807.0056173705175,-2.462636056502731
25517.3272,1391.0125106412975,-2.396651550703112
115264.1,7820.8797328599285,-1.8434480188836488
21749.1589,1684.8356953199423,-2.4364629116658207
15126.0278,533.3643781756962,-2.443307251561471
9587.53513,632.6088775720223,-2.5859782650194134
201664.1,5427.848787721046,-2.008630254502215
16676.6326,413.59316037430744,-2.412546545793944
28864.1,471.87839517545217,-2.1650703126883712
12226.1367,701.0523913383036,-2.544280904773842
106388.165,1005.43432571229,-2.182691476436851
12226.1367,1710.7877164816582,-2.6325099703686448
9587.53513,1107.3318068955616,-2.637039285188358
115264.1,4636.81576517905,-1.9936590705940347
18296.6329,522.3843293508467,-2.4280045895934137
25517.3272,2664.097054072156,-2.463066645681323
19988.1649,954.0457208614375,-2.4157433401198602
19988.1649,719.4371389157193,-2.3470258989615687
19988.1649,1316.7844608451633,-2.465998289214305
101526.028,2048.50975165931,-2.3121978792199087
115264.22,3419.59416213596,-2.0676908413325137
115264.1,2327.2261558118007,-2.096278711718327
27521.5153,2759.5646770560784,-2.4427683359067913
28864.22,4285.075389282363,-2.0731825907763834
5108.0506,449.42052718797765,-2.5973512573271407
196395.736,3510.931905272104,-2.1497680451522854
12226.1367,1378.2140864187534,-2.60192895936099
113921.515,2360.568077205563,-2.0995779442241798
9587.53513,1223.5843902258175,-2.6315966036072425
8365.68548,723.7125885143803,-2.5593279792995247
8365.68548,795.6176399457157,-2.538714541967593
18296.6329,950.0460262068891,-2.425304100161796
25517.3272,1779.0952192921977,-2.3346069326134042
108153.645,2194.924076339612,-2.263866455738942
7210.06725,610.5618452626155,-2.6301910101192263
115264.1,2904.9983628268583,-2.032928823464772
7210.06725,237.6436395726821,-2.6720891903394133
201664.1,9318.317688650077,-1.9523878598684945
101526.028,1149.7380858846595,-2.2538421091476977
115264.1,4310.740129905079,-2.165670023876757
23595.7359,1770.57587899474,-2.4015617090928387
12225.3144,567.8607994182471,-2.551793042828841
103076.633,1540.526981230897,-2.2583873085987562
115264.1,4693.042139854071,-1.951592031957908
28864.0,2087.6457079582997,-2.326300943279918
111917.327,3237.1669846063087,-2.181091421710569
28864.1,826.3992356883737,-2.1941398552141536
18296.6329,1221.2020343184518,-2.4562677022632116
7210.06725,717.9533611073178,-2.6120035948707425
104696.633,2395.0875084603886,-2.311535045880504
10874.449,1081.7189489709292,-2.515809294492037
16676.6326,950.0849401649248,-2.524445450560677
28864.22,807.2375500558492,-2.2449823378805647
25517.3272,2244.807651773875,-2.3917670464682743
18296.6329,745.1526442113638,-2.422268163439867
21750.1541,695.7945157710992,-2.3344381630104323
8365.68548,-5.041386906256548,-2.646662536068824
19988.1649,491.8562867213236,-2.3339667699633253
115264.1,4831.360255386286,-2.046953168948015
23592.8093,1217.8039516516433,-2.403630301321506
201664.1,7465.63885645486,-1.9542037124886846
104696.633,2176.3901465942654,-2.32790234817854
28864.1,1392.485747084249,-2.1802062794229045
115264.1,2956.39501319227,-2.071635519307989
28864.1,1879.026223594181,-2.2160106314331074
115264.0,2874.6779992343636,-2.1294660669519345
18296.6329,386.6271896092876,-2.3826562153737854
12226.1367,731.703098292323,-2.5171476570484543
106388.165,2863.1379768184797,-2.3972295674785045
115264.1,4177.206284026134,-2.141969155969072
9587.53513,1201.447756680107,-2.6133035138550937
104696.633,1957.327963912875,-2.2928610782350702
28864.22,1791.1550768019379,-2.134311742093203
28864.1,2995.929509214866,-2.2528813571890325
9587.53513,1271.4053690094838,-2.6302283678151284
28864.0,813.6535849140073,-2.2825418872561443
13643.006,-18.601364460010245,-2.530545567817974
15126.0278,1354.3285632991394,-2.5628371631739526
28864.1,670.1340432563065,-2.2457905127760682
106385.489,3274.7411472376816,-2.364196235733637
115264.1,3606.78155009866,-1.984126304481812
12226.1367,1140.7161758176435,-2.612583458217756
21753.6446,1797.1769352082438,-2.4845673211116335
25517.3272,898.0359245095774,-2.335766703893505
288064.1,8025.946812817108,-1.8645027596664292
115264.1,3972.231729451365,-2.075503801461032
16676.6326,1162.020412207098,-2.485433256612062
12226.1367,879.0497686882093,-2.5372688753502857
9587.53513,158.42995271256677,-2.591113062796609
15119.8752,185.1933986466181,-2.42806218501088
115264.0,4273.718550473642,-2.3287009489193053
28864.1,1229.4677711932304,-2.2525827325262853
23595.7359,652.5024186941282,-2.3299448458966268
16674.1995,-1193.7299451880167,-2.4109453821309614
10874.449,1314.7032882971282,-2.6249763871752094
18296.6329,1171.8909816070932,-2.4716842342993672
7210.06725,-171.89793358392376,-2.5590609108765605
15125.1775,389.1245237935891,-2.4532459392683066
23595.7359,1577.386822186444,-2.3996239484782578
28864.1,789.9207893187086,-2.2079961177861094
9587.53513,-42.51783972693215,-2.606058894293426
21753.6446,796.974789468406,-2.395447203740396
104701.175,1452.6400947830452,-2.2257238804047574
18296.6329,1816.422110353556,-2.539343428900466
8365.68548,796.6709646247591,-2.5856811290487087
23595.7359,263.28423267685775,-2.2860134358237403
108153.645,3256.2626150191936,-2.373225836266201
28864.0,1972.1270394792364,-2.3466455499034424
19988.1649,1353.0939627371179,-2.428955032902607
12226.1367,1003.7508567694658,-2.573452504843786
,8834.593144209657,-1.8846476355869939
28864.1,4131.194142464075,-2.0549309172245245
111917.327,3161.0141138754143,-2.1865832774041465
10874.449,1269.9967519247348,-2.6804701679896112
9587.53513,-25.258084994546834,-2.5936102727565
13643.006,1484.3571527037075,-2.579659812973503
16676.6326,1325.454688326178,-2.5222007839510567
12226.1367,802.9600985064329,-2.517347381713037
25517.3272,620.6991428150677,-2.3444874400835403
115264.1,6279.044139842124,-1.9366292188388528
28864.1,1854.210504746674,-2.167704279950094
8365.68548,-232.5615523485028,-2.5673907199487616
113921.515,3027.044861571392,-2.156097554359114
27521.5153,246.4996828500589,-2.2681323570182954
16676.6326,560.1259379375447,-2.420874937049817
109995.736,3007.7505185293276,-2.1902243963448385
12226.1367,926.4730749622527,-2.578042683148162
28864.1,2059.3880782436536,-2.0666246974385913
19988.1649,213.8970814391405,-2.3478238618526532
106388.165,2038.2168464450551,-2.2025888364907473
10874.449,1376.5230770211256,-2.6572168287676377
288064.1,7615.871672392179,-1.8256020120787184
16676.6326,853.288614159381,-2.4502253188166563
13643.006,845.7192255404691,-2.56115549590627
15126.0278,1057.1804559793948,-2.4790138572904397
115264.1,4334.3237459367665,-1.974260453251702
16676.6326,1198.3994125702425,-2.4708565567812997
13643.006,1251.6474756511232,-2.5668158307423568
8365.68548,576.6325945449316,-2.582077615961218
18296.6329,1147.5875369312162,-2.4514681896280166
23595.7359,906.1511920987459,-2.354103177420832
18296.6329,1506.9981205928916,-2.5298901007577683
5108.0506,506.89102296601857,-2.5788171683778103
10874.449,306.0727763982518,-2.611821690784062
13643.006,629.3777687320705,-2.521924664316053
28864.1,4421.0984426901805,-2.1868684375218237
15126.0278,1264.7718107880605,-2.5195566805940217
111917.327,1096.5336160268816,-2.1306876704179274
5108.0506,460.0742611243605,-2.5788024918337697
19988.1649,1566.5271788009795,-2.4855371378262916
115264.1,3999.8293352645014,-1.961986845209772
8365.68548,808.4156788641558,-2.6283447955750887
10874.449,761.4063905366229,-2.61879933975365
25517.3272,1127.3586153889128,-2.392524827549842
9587.53513,1178.943935397268,-2.594322185784705
111917.327,2272.609683559742,-2.1597429896175697
21753.6446,220.11437590633432,-2.342765371277835
115264.1,2517.5368188478315,-2.03052632076551
115264.1,2405.254086639279,-2.0661026121519868
12226.1367,1054.8761904576947,-2.5868163213743216
10874.449,1097.1158293157491,-2.62481890757374
28864.1,2612.5096073273617,-2.111191498622759
8365.68548,824.9621824298043,-2.567420601758961
27521.5153,1020.8462735859553,-2.3114974364773104
201664.1,7561.793111830715,-1.9175518127156863
8365.68548,606.6934296859222,-2.5585758322248893
19988.1649,1103.3525567904826,-2.4781486029409336
27521.5153,1564.2033617854095,-2.3430894037153607
106388.165,847.2389696166156,-2.14470375465676
111917.327,2761.829168618615,-2.1820540950619502
5107.67117,447.3911070810461,-2.6201846831264035
28864.22,2927.1949162024703,-2.097271397316149
115264.1,6529.3097018691315,-2.0233079830521064
201664.1,8818.959270283789,-1.9036822148381205
13643.006,873.2333277975438,-2.50976321274954
6122.95784,-218.05829641099217,-2.6187594522131477
115264.1,4866.815384344464,-2.131919236947283
23595.7359,778.9237357614975,-2.3511965799013623
23595.7359,1007.7799825084467,-2.345495011746216
18296.6329,1727.0287623405106,-2.5168468067249563
4170.85443,231.34437631223466,-2.6360014151246816
7210.06725,-490.77863149689915,-2.5757066255091416
106388.165,1737.2858820999754,-2.226628147350894
115264.1,5133.121603911135,-1.930876799543924
23595.7359,2545.3301802537326,-2.462251362816694
104696.633,2109.404020619623,-2.2966174069844314
15126.0278,950.3861669010876,-2.476205331988325
28864.1,1826.8460715683277,-2.0889022731208087
115264.1,5621.358267452932,-2.0947440969039803
13643.006,655.222889421266,-2.475593586728074
115264.1,4370.238455243994,-2.0232813903125972
18296.6329,966.7107192303399,-2.4467857190641666
25517.3272,251.80804404046694,-2.288146172844847
28864.1,941.5670105063,-2.187154083793203
13643.006,1470.6089124882951,-2.5459923974628538
21753.6446,904.8527472816149,-2.377032942896207
19988.1649,587.9262908114397,-2.374160872636402
28864.1,816.7151336786437,-2.179957514167654
28864.1,1803.3391671969093,-2.1610767965789535
6122.45415,-216.12934697048513,-2.6902628144146306
21753.6446,814.7204284979643,-2.3738932776936537
9587.53513,819.4591089328295,-2.604563053038227
28864.1,2737.135495821384,-2.2328368993286603
104696.633,3029.5105135449994,-2.380364577120318
28864.1,1474.966380392077,-2.309291690843665
21753.6446,1795.1945768046576,-2.4673279328739
28864.1,2220.7064148112386,-2.1170564648805126
8365.68548,114.07310575097995,-2.646930292116643
15126.0278,728.6304059517204,-2.438870986508249
13643.006,1004.8772931741269,-2.5318299250245104
15126.0278,1461.1962530250034,-2.4906549907061546
10874.449,576.6064013356013,-2.5002802078315227
21753.6446,989.8366748447093,-2.3710038973977774
25517.3272,1782.5899251479332,-2.398831366796003
10874.449,569.1275841835352,-2.630708125716268
104696.633,1317.4260623255277,-2.23551927820138
12226.1367,136.40561822244467,-2.4980895579082585
6122.95784,624.9458896029934,-2.617199074174053
12226.1367,329.8810686951383,-2.5216212024668607
13643.006,888.9289460178111,-2.5076835459746434
28864.1,3329.849394904223,-2.280960359615115
10874.449,460.83726482977545,-2.5297633304283664
23595.7359,284.20803171513626,-2.3131568843111197
28864.1,2434.808786571748,-2.0820400946562856
18296.6329,1381.9023976491494,-2.4947190261273775
115264.1,4111.44075225449,-2.0049924527151504
12226.1367,1704.1729841973533,-2.6116407814623415
25517.3272,789.5039916459646,-2.34291591227759
8365.68548,764.0370177332527,-2.554552566033813
,87561.0811123514,-1.7127208941948453
12226.1367,1323.3391095339523,-2.6351637948673527
201664.1,8653.781592856358,-1.9087952427186536
15126.0278,1158.7666263663298,-2.540734424254815
9587.53513,807.3785655239549,-2.5730785037439574
,5107.340622662575,-2.1475768993009154
27521.5153,1553.7145864570166,-2.3787417979886385
12226.1367,1518.9075330975943,-2.6080834871324825
13643.006,694.8476825766791,-2.5385836092443697
15126.0278,1569.510288229722,-2.5648975424276514
201664.1,6143.227316173114,-2.042381122901631
106388.165,2653.5402896647556,-2.24869328075917
16676.6326,935.4115967251405,-2.48250772061278
9587.53513,1019.7777454160092,-2.5296484637031753
15126.0278,839.2782105251283,-2.4993455825722464
115264.1,3577.749661780488,-2.145762334835908
28864.1,4640.13045707355,-2.059058240053332
115264.1,6213.178068717936,-1.906605024097594
13643.006,1473.5176632095017,-2.61937274148125
12226.1367,836.0276184636512,-2.5767367025314982
15126.0278,1029.814100266179,-2.5294323511348864
13643.006,169.79337488605188,-2.5002811749543596
28864.0,1694.5524797030453,-2.321998637459039
28864.1,2148.2137611832504,-2.343833549289819
16676.6326,743.1728336383885,-2.4631360075261313
115264.1,2307.235825236772,-2.0690720875370445
16676.6326,614.2904106976766,-2.4411196487993294
10874.449,1187.5203066366753,-2.572869072434166
201664.1,4970.9234135467395,-2.033266891616776
9587.53513,1037.6827774287863,-2.629528049337388
201664.1,8818.205051953586,-1.8936356466157207
12226.1367,919.4655725543698,-2.5187952109982916
113921.515,2985.3311331534724,-2.1752181866157656
23595.7359,1237.8670037668999,-2.3809343208511535
27516.2749,770.815916135889,-2.296746877919631
15126.0278,925.9499414061859,-2.453380176719911
18296.6329,1059.6045518277724,-2.4373264014162075
28864.1,2425.7802219680916,-2.225534365833049
21753.6446,2065.6432326526215,-2.4338451814795405
7210.06725,607.733204768742,-2.602947907672025
27521.5153,491.4950790292505,-2.2946968654025
7210.06725,-371.09454364089925,-2.5479831639491053
23595.7359,1345.2970359951428,-2.396066547597954
9587.53513,796.7435836342834,-2.591104663838891
8363.64673,624.083792244942,-2.54490347126562
18296.6329,1084.0292309198198,-2.438429523505974
13643.006,894.1519128281086,-2.5104431457272725
21753.6446,1420.842573221039,-2.431842124582701
27521.5153,1800.1568284207433,-2.3853845298182605
10874.449,579.3144345107696,-2.53904131030054
19988.1649,1415.0918517103826,-2.4615079697973314
8365.68548,934.8189510098716,-2.5917331188488575
7210.06725,-412.2039775943797,-2.6006616586905125
25517.3272,819.4161681641408,-2.2851455515317625
27521.5153,1605.8064794812276,-2.3780447714916733
10874.449,748.3914852391919,-2.5744493385931264
28864.1,1604.9178181756988,-2.17930131031536
25517.3272,1228.186977678377,-2.3973612101590334
28864.1,2046.427917720077,-2.2442055629850444
201664.1,4769.066561949221,-2.07459530093616
115264.1,3277.912464407019,-2.1148353980691823
28864.22,3895.6526279406135,-2.030197448668943
27521.5153,2449.2244044977033,-2.4090253224439024
28864.1,1401.3285057294206,-2.1919103309842427
6122.95784,666.2283367049704,-2.64948477420905
28864.1,3840.5955992377476,-2.2358108607686233
21735.3049,609.5455303111657,-2.3669171594631493
27521.5153,2241.488886486794,-2.3823477777122193
8365.68548,1347.2739168788878,-2.666870394635275
23595.7359,1090.244866244439,-2.4041466090431314
15126.0278,1257.1041351113608,-2.5275558177884534
21753.6446,643.4778421796391,-2.406486994598289
28864.1,2278.6142801064125,-2.206011879092408
28864.1,740.8655722889143,-2.234618435405686
113921.515,3479.185039439407,-2.2368190751450143
18296.6329,1166.4941704154116,-2.4799606720578637
15126.0278,765.7030665418711,-2.4850516484896517
115264.0,3033.6687373089344,-2.110028372121228
16676.6326,908.9141701086965,-2.4940099833944416
201664.1,9022.295883517198,-1.9141354086227054
,8661.045944924776,-1.9282015506006474
13643.006,901.9686202208791,-2.507291781656477
18296.6329,1069.443301646988,-2.4800884313740212
109995.736,1615.3993719108266,-2.122188003995653
28864.1,5305.946982491616,-1.9819847604689542
15126.0278,1460.636922973078,-2.553262632619486
18296.6329,923.3630557180652,-2.4212471814493597
23595.7359,1151.2804020757071,-2.3896434407612475
16676.6326,1575.5134411676563,-2.5508159402329795
21753.6446,80.4316823659542,-2.3207056363839698
8365.68548,599.0583542763331,-2.553767517763262
9587.53513,1141.9857190730195,-2.5747751974188304
13643.006,1058.6240524295163,-2.5172987926307826
201664.1,4222.324587513447,-1.9936312200865345
8365.68548,554.0229767474491,-2.578044846608627
28864.22,586.8792177516862,-2.2029792150432144
10873.7388,1068.8659338234295,-2.550499315192809
21753.6446,983.6443506292048,-2.387683153925039
23595.7359,2173.746549911088,-2.4563525350584783
28864.0,2440.622182178937,-2.3525848766730633
18296.6329,1573.2082875225308,-2.4814340218356605
23595.7359,1629.1551866331652,-2.42996581666295
19987.1809,720.5369057519229,-2.409548089759973
18296.6329,1004.4977588314846,-2.441029651519024
21753.6446,2033.5028992697112,-2.5007001632812873
21753.6446,1781.7457059060985,-2.4839958106315763
13643.006,945.8896574634907,-2.5587012529700743
111917.327,3117.951437197149,-2.173860116099064
115264.1,3595.9127458604526,-1.988944359739861
115264.0,2967.885652909943,-2.151923718838461
25517.3272,1552.4868497934795,-2.3799628798362136
109995.736,2526.7752274927234,-2.1586477180754002
15126.0278,-1242.1993586554236,-2.420616873844395
28864.1,783.2774112950437,-2.2230556435444484
10873.7388,313.0843443050878,-2.513268508079257
28864.22,1057.2990397679569,-2.2477699021165662
115264.1,6690.594703117786,-1.9486662792805944
28864.1,2711.423851248508,-2.1820000548092935
23595.7359,661.6101713845592,-2.35418438637776
115264.1,3635.1624609036826,-2.0602421732328082
9587.53513,1129.1702362159265,-2.597281629517731
16676.6326,869.7151826786921,-2.4904338311071683
115264.1,5608.035447557637,-2.1383431034409597
25517.3272,1540.6180918520595,-2.4081541227006227
13643.006,1491.3810760271617,-2.605234685768295
115264.1,5316.630732858623,-1.9910971732587086
8365.68548,771.015211941286,-2.5845107380840986
15126.0278,1203.7333542936256,-2.5268178472818192
16676.6326,-818.1322783419319,-2.404920786570763
